movie_id,genre_id
tt0105112,gd0000001
tt0105112,gd0000002
tt1204975,gd0000003
tt0243655,gd0000003
tt0243655,gd0000004
tt0040897,gd0000005
tt0040897,gd0000006
tt0040897,gd0000007
tt0126886,gd0000003
tt0126886,gd0000006
tt0126886,gd0000004
tt0286716,gd0000001
tt0286716,gd0000008
tt0090605,gd0000001
tt0090605,gd0000005
tt0090605,gd0000008
tt0243155,gd0000003
tt0243155,gd0000006
tt0243155,gd0000004
tt0121765,gd0000001
tt0121765,gd0000005
tt0121765,gd0000009
tt0443453,gd0000003
tt0107131,gd0000005
tt0107131,gd0000003
tt0107131,gd0000006
tt0110364,gd0000003
tt0110364,gd0000010
tt0110364,gd0000011
tt0450259,gd0000005
tt0450259,gd0000006
tt0450259,gd0000002
tt0143145,gd0000001
tt0143145,gd0000005
tt0143145,gd0000002
tt0435625,gd0000005
tt0435625,gd0000012
tt0435625,gd0000002
tt0343818,gd0000001
tt0343818,gd0000013
tt0343818,gd0000006
tt0120815,gd0000006
tt0120815,gd0000014
tt0253754,gd0000001
tt0253754,gd0000005
tt0253754,gd0000008
tt1951264,gd0000001
tt1951264,gd0000005
tt1951264,gd0000015
tt0118849,gd0000006
tt0118849,gd0000010
tt0120783,gd0000005
tt0120783,gd0000003
tt0120783,gd0000006
tt0114814,gd0000013
tt0114814,gd0000006
tt0114814,gd0000015
tt0101700,gd0000003
tt0101700,gd0000013
tt0377092,gd0000003
tt0102768,gd0000006
tt0102768,gd0000004
tt1259521,gd0000012
tt2084970,gd0000016
tt2084970,gd0000006
tt2084970,gd0000017
tt0108399,gd0000013
tt0108399,gd0000006
tt0108399,gd0000004
tt0017136,gd0000006
tt0017136,gd0000008
tt2356777,gd0000013
tt2356777,gd0000006
tt2356777,gd0000015
tt0215750,gd0000006
tt0215750,gd0000017
tt0215750,gd0000014
tt0082096,gd0000005
tt0082096,gd0000006
tt0082096,gd0000002
tt0408985,gd0000003
tt0107822,gd0000006
tt0107822,gd0000018
tt0107822,gd0000004
tt1120985,gd0000006
tt1120985,gd0000004
tt0018455,gd0000006
tt0018455,gd0000004
tt0499448,gd0000001
tt0499448,gd0000005
tt0499448,gd0000010
tt0133152,gd0000001
tt0133152,gd0000005
tt0133152,gd0000008
tt1289401,gd0000001
tt1289401,gd0000003
tt1289401,gd0000009
tt2101441,gd0000013
tt2101441,gd0000006
tt0475784,gd0000006
tt0475784,gd0000015
tt0475784,gd0000008
tt1536537,gd0000001
tt1536537,gd0000005
tt1536537,gd0000013
tt0113957,gd0000001
tt0113957,gd0000013
tt0113957,gd0000006
tt0100507,gd0000006
tt0100507,gd0000011
tt0302886,gd0000003
tt0460681,gd0000006
tt0460681,gd0000009
tt0460681,gd0000012
tt3011894,gd0000003
tt3011894,gd0000006
tt3011894,gd0000002
tt0114319,gd0000003
tt0114319,gd0000006
tt3748528,gd0000001
tt3748528,gd0000005
tt3748528,gd0000008
tt0107207,gd0000016
tt0107207,gd0000006
tt0120363,gd0000019
tt0120363,gd0000005
tt0120363,gd0000003
tt0109707,gd0000016
tt0109707,gd0000003
tt0109707,gd0000006
tt0103893,gd0000001
tt0103893,gd0000003
tt0103893,gd0000009
tt1217209,gd0000019
tt1217209,gd0000005
tt1217209,gd0000003
tt0116126,gd0000003
tt0116126,gd0000013
tt0140352,gd0000016
tt0140352,gd0000006
tt0140352,gd0000002
tt0406375,gd0000001
tt0406375,gd0000005
tt0406375,gd0000003
tt0120794,gd0000019
tt0120794,gd0000005
tt0120794,gd0000006
tt3659388,gd0000005
tt3659388,gd0000006
tt3659388,gd0000008
tt0160127,gd0000001
tt0160127,gd0000005
tt0160127,gd0000003
tt0103772,gd0000006
tt0103772,gd0000015
tt0103772,gd0000002
tt0099810,gd0000001
tt0099810,gd0000005
tt0099810,gd0000002
tt0116705,gd0000003
tt0116705,gd0000010
tt0298148,gd0000019
tt0298148,gd0000005
tt0298148,gd0000003
tt0351283,gd0000019
tt0351283,gd0000005
tt0351283,gd0000003
tt0102744,gd0000001
tt0102744,gd0000005
tt0102744,gd0000006
tt1298650,gd0000001
tt1298650,gd0000005
tt1298650,gd0000009
tt1187064,gd0000009
tt1187064,gd0000015
tt1187064,gd0000002
tt0149261,gd0000001
tt0149261,gd0000008
tt0149261,gd0000002
tt0106977,gd0000001
tt0106977,gd0000013
tt0106977,gd0000006
tt0452594,gd0000003
tt0452594,gd0000006
tt0452594,gd0000004
tt2660888,gd0000001
tt2660888,gd0000005
tt2660888,gd0000008
tt0103064,gd0000001
tt0103064,gd0000008
tt0103064,gd0000002
tt0959337,gd0000006
tt0959337,gd0000004
tt0295700,gd0000012
tt0107048,gd0000003
tt0107048,gd0000009
tt0107048,gd0000004
tt0416320,gd0000006
tt0416320,gd0000004
tt0416320,gd0000002
tt0353969,gd0000001
tt0353969,gd0000013
tt0353969,gd0000006
tt0405159,gd0000006
tt0405159,gd0000011
tt1781769,gd0000006
tt1781769,gd0000004
tt0337741,gd0000003
tt0337741,gd0000006
tt0337741,gd0000004
tt0120828,gd0000001
tt0120828,gd0000005
tt0120828,gd0000003
tt0120903,gd0000001
tt0120903,gd0000005
tt0120903,gd0000008
tt0232500,gd0000001
tt0232500,gd0000013
tt0232500,gd0000002
tt0113442,gd0000003
tt0113442,gd0000010
tt0113442,gd0000004
tt0396171,gd0000013
tt0396171,gd0000006
tt0396171,gd0000009
tt0458352,gd0000003
tt0458352,gd0000006
tt1392190,gd0000001
tt1392190,gd0000005
tt1392190,gd0000008
tt0458339,gd0000001
tt0458339,gd0000005
tt0458339,gd0000008
tt0110322,gd0000006
tt0110322,gd0000004
tt0110322,gd0000014
tt0324216,gd0000012
tt0382625,gd0000015
tt0382625,gd0000002
tt0101545,gd0000003
tt0101545,gd0000004
tt0360486,gd0000006
tt0360486,gd0000009
tt0360486,gd0000012
tt0129290,gd0000016
tt0129290,gd0000003
tt0129290,gd0000006
tt1228705,gd0000001
tt1228705,gd0000005
tt1228705,gd0000008
tt1430132,gd0000001
tt1430132,gd0000005
tt1430132,gd0000008
tt0133093,gd0000001
tt0133093,gd0000008
tt0103241,gd0000003
tt0230011,gd0000019
tt0230011,gd0000001
tt0230011,gd0000005
tt0887912,gd0000006
tt0887912,gd0000017
tt0887912,gd0000002
tt0376994,gd0000001
tt0376994,gd0000005
tt0376994,gd0000009
tt0101889,gd0000003
tt0101889,gd0000006
tt0101889,gd0000009
tt0106582,gd0000001
tt0106582,gd0000005
tt0106582,gd0000002
tt1591095,gd0000012
tt1591095,gd0000015
tt1591095,gd0000002
tt5439796,gd0000003
tt5439796,gd0000013
tt5439796,gd0000006
tt0408236,gd0000006
tt0408236,gd0000012
tt0408236,gd0000020
tt0117218,gd0000003
tt0117218,gd0000004
tt0117218,gd0000008
tt1355644,gd0000006
tt1355644,gd0000008
tt1355644,gd0000002
tt5580390,gd0000005
tt5580390,gd0000006
tt5580390,gd0000009
tt0461770,gd0000019
tt0461770,gd0000003
tt0461770,gd0000010
tt0038650,gd0000006
tt0038650,gd0000010
tt0038650,gd0000009
tt0234215,gd0000001
tt0234215,gd0000008
tt1091191,gd0000001
tt1091191,gd0000016
tt1091191,gd0000006
tt0117666,gd0000006
tt0765429,gd0000016
tt0765429,gd0000013
tt0765429,gd0000006
tt0116996,gd0000003
tt0116996,gd0000008
tt0319061,gd0000005
tt0319061,gd0000006
tt0319061,gd0000009
tt0050783,gd0000006
tt0118749,gd0000006
tt0340855,gd0000016
tt0340855,gd0000013
tt0340855,gd0000006
tt0046912,gd0000013
tt0046912,gd0000021
tt0046912,gd0000002
tt2262227,gd0000019
tt2262227,gd0000005
tt2262227,gd0000003
tt0107362,gd0000001
tt0107362,gd0000005
tt0107362,gd0000003
tt0369436,gd0000003
tt0369436,gd0000006
tt0369436,gd0000004
tt1673434,gd0000005
tt1673434,gd0000006
tt1673434,gd0000009
tt0469494,gd0000006
tt0469494,gd0000017
tt5247022,gd0000003
tt5247022,gd0000006
tt5247022,gd0000004
tt2089750,gd0000003
tt0087544,gd0000019
tt0087544,gd0000005
tt0087544,gd0000009
tt1663662,gd0000001
tt1663662,gd0000005
tt1663662,gd0000008
tt0109045,gd0000003
tt0109045,gd0000018
tt0418832,gd0000006
tt0418832,gd0000004
tt1860357,gd0000001
tt1860357,gd0000006
tt1860357,gd0000002
tt0389860,gd0000003
tt0389860,gd0000006
tt0389860,gd0000009
tt0184858,gd0000001
tt0184858,gd0000005
tt0184858,gd0000013
tt0104990,gd0000006
tt0104990,gd0000010
tt0104990,gd0000017
tt2042568,gd0000006
tt2042568,gd0000018
tt0241527,gd0000005
tt0241527,gd0000010
tt0241527,gd0000009
tt0285742,gd0000006
tt0285742,gd0000004
tt1496422,gd0000006
tt1496422,gd0000002
tt0120744,gd0000001
tt0120744,gd0000005
tt1840309,gd0000005
tt1840309,gd0000015
tt1840309,gd0000008
tt0119396,gd0000013
tt0119396,gd0000006
tt0119396,gd0000002
tt0988045,gd0000001
tt0988045,gd0000005
tt0988045,gd0000013
tt0253867,gd0000003
tt0253867,gd0000004
tt0130236,gd0000001
tt0130236,gd0000013
tt0130236,gd0000002
tt0138704,gd0000006
tt0138704,gd0000012
tt0138704,gd0000015
tt2543472,gd0000006
tt2543472,gd0000010
tt0102057,gd0000005
tt0102057,gd0000003
tt0102057,gd0000010
tt2239822,gd0000001
tt2239822,gd0000005
tt2239822,gd0000009
tt0398808,gd0000005
tt0398808,gd0000006
tt0398808,gd0000010
tt1172570,gd0000001
tt1172570,gd0000016
tt1172570,gd0000013
tt0416449,gd0000001
tt0416449,gd0000009
tt0187078,gd0000001
tt0187078,gd0000013
tt0187078,gd0000002
tt0114614,gd0000001
tt0114614,gd0000003
tt0114614,gd0000008
tt0264796,gd0000006
tt0210945,gd0000016
tt0210945,gd0000006
tt0210945,gd0000011
tt0277296,gd0000001
tt0277296,gd0000005
tt0277296,gd0000009
tt0122151,gd0000001
tt0122151,gd0000013
tt0122151,gd0000002
tt0125439,gd0000003
tt0125439,gd0000006
tt0125439,gd0000004
tt0060107,gd0000016
tt0060107,gd0000006
tt0060107,gd0000017
tt0119643,gd0000006
tt0119643,gd0000009
tt0119643,gd0000004
tt0120623,gd0000019
tt0120623,gd0000005
tt0120623,gd0000003
tt0086879,gd0000016
tt0086879,gd0000006
tt0086879,gd0000017
tt0119683,gd0000013
tt0119683,gd0000006
tt0119683,gd0000017
tt0298203,gd0000006
tt0298203,gd0000018
tt0268380,gd0000019
tt0268380,gd0000005
tt0268380,gd0000003
tt5867800,gd0000006
tt0183505,gd0000003
tt0277027,gd0000006
tt3631112,gd0000013
tt3631112,gd0000006
tt3631112,gd0000015
tt0120611,gd0000001
tt0120611,gd0000012
tt0181865,gd0000013
tt0181865,gd0000006
tt0181865,gd0000002
tt0414993,gd0000006
tt0414993,gd0000008
tt0103112,gd0000001
tt0103112,gd0000006
tt0103112,gd0000002
tt1490017,gd0000019
tt1490017,gd0000001
tt1490017,gd0000005
tt4061010,gd0000002
tt0106611,gd0000005
tt0106611,gd0000003
tt0106611,gd0000010
tt1386697,gd0000001
tt1386697,gd0000005
tt1386697,gd0000009
tt1748122,gd0000005
tt1748122,gd0000003
tt1748122,gd0000006
tt0758746,gd0000012
tt0119256,gd0000013
tt0119256,gd0000006
tt2322441,gd0000006
tt2322441,gd0000004
tt2322441,gd0000002
tt0117571,gd0000012
tt0117571,gd0000015
tt0120577,gd0000006
tt0120577,gd0000018
tt0116282,gd0000013
tt0116282,gd0000006
tt0116282,gd0000002
tt1798603,gd0000003
tt1798603,gd0000013
tt1798603,gd0000006
tt0104348,gd0000013
tt0104348,gd0000006
tt0104348,gd0000015
tt2872718,gd0000013
tt2872718,gd0000006
tt2872718,gd0000002
tt0070735,gd0000003
tt0070735,gd0000013
tt0070735,gd0000006
tt2713180,gd0000001
tt2713180,gd0000006
tt2713180,gd0000014
tt1872181,gd0000001
tt1872181,gd0000005
tt1872181,gd0000008
tt0104454,gd0000006
tt0104454,gd0000004
tt2015381,gd0000001
tt2015381,gd0000005
tt2015381,gd0000008
tt1649419,gd0000006
tt1649419,gd0000002
tt0388795,gd0000006
tt0388795,gd0000004
tt0120586,gd0000013
tt0120586,gd0000006
tt0046911,gd0000013
tt0046911,gd0000006
tt0046911,gd0000012
tt0099674,gd0000013
tt0099674,gd0000006
tt1077368,gd0000003
tt1077368,gd0000009
tt1077368,gd0000012
tt0335266,gd0000006
tt0118715,gd0000003
tt0118715,gd0000013
tt0314331,gd0000003
tt0314331,gd0000006
tt0314331,gd0000004
tt1936532,gd0000013
tt1936532,gd0000006
tt1936532,gd0000015
tt0170016,gd0000003
tt0170016,gd0000010
tt0170016,gd0000009
tt1601913,gd0000001
tt1601913,gd0000005
tt1601913,gd0000006
tt2140479,gd0000001
tt2140479,gd0000013
tt2140479,gd0000006
tt1583421,gd0000001
tt1583421,gd0000005
tt1583421,gd0000008
tt0212985,gd0000013
tt0212985,gd0000006
tt0212985,gd0000002
tt0356150,gd0000003
tt3289956,gd0000012
tt3289956,gd0000015
tt3289956,gd0000002
tt0119217,gd0000006
tt0395699,gd0000001
tt0395699,gd0000003
tt0395699,gd0000006
tt0104694,gd0000003
tt0104694,gd0000006
tt0104694,gd0000010
tt0357413,gd0000003
tt0304669,gd0000003
tt0304669,gd0000010
tt0304669,gd0000009
tt2338151,gd0000003
tt2338151,gd0000006
tt2338151,gd0000008
tt0118799,gd0000003
tt0118799,gd0000006
tt0118799,gd0000014
tt0364845,gd0000001
tt0364845,gd0000003
tt0364845,gd0000013
tt0109279,gd0000005
tt0109279,gd0000006
tt0109279,gd0000010
tt3521126,gd0000016
tt3521126,gd0000003
tt3521126,gd0000006
tt1596363,gd0000016
tt1596363,gd0000003
tt1596363,gd0000006
tt0322259,gd0000001
tt0322259,gd0000013
tt0322259,gd0000002
tt2194499,gd0000003
tt2194499,gd0000006
tt2194499,gd0000009
tt1735898,gd0000001
tt1735898,gd0000005
tt1735898,gd0000006
tt3079380,gd0000001
tt3079380,gd0000003
tt3079380,gd0000013
tt0482606,gd0000012
tt0482606,gd0000015
tt0482606,gd0000002
tt2397535,gd0000006
tt2397535,gd0000015
tt2397535,gd0000008
tt2245084,gd0000019
tt2245084,gd0000001
tt2245084,gd0000005
tt1074638,gd0000001
tt1074638,gd0000005
tt1074638,gd0000002
tt0041959,gd0000021
tt0041959,gd0000015
tt0041959,gd0000002
tt0405508,gd0000003
tt0405508,gd0000006
tt0405508,gd0000017
tt0411477,gd0000001
tt0411477,gd0000005
tt0411477,gd0000009
tt1758810,gd0000013
tt1758810,gd0000006
tt1758810,gd0000012
tt0114898,gd0000001
tt0114898,gd0000005
tt0114898,gd0000008
tt0257106,gd0000003
tt0115571,gd0000008
tt0115571,gd0000002
tt1130884,gd0000015
tt1130884,gd0000002
tt2226597,gd0000001
tt2226597,gd0000005
tt2226597,gd0000006
tt0150377,gd0000013
tt0150377,gd0000006
tt0150377,gd0000015
tt0451279,gd0000001
tt0451279,gd0000005
tt0451279,gd0000009
tt0146336,gd0000012
tt0146336,gd0000015
tt2395427,gd0000001
tt2395427,gd0000005
tt2395427,gd0000008
tt0110912,gd0000013
tt0110912,gd0000006
tt0106519,gd0000013
tt0106519,gd0000006
tt0106519,gd0000002
tt0101316,gd0000016
tt0101316,gd0000006
tt0101316,gd0000004
tt0099653,gd0000006
tt0099653,gd0000009
tt0099653,gd0000004
tt5109784,gd0000006
tt5109784,gd0000012
tt5109784,gd0000015
tt0800369,gd0000001
tt0800369,gd0000005
tt0800369,gd0000009
tt0099348,gd0000005
tt0099348,gd0000006
tt0099348,gd0000007
tt0110729,gd0000013
tt0110729,gd0000006
tt0892769,gd0000019
tt0892769,gd0000005
tt0892769,gd0000003
tt2024544,gd0000016
tt2024544,gd0000006
tt2024544,gd0000017
tt0118655,gd0000005
tt0118655,gd0000003
tt0117705,gd0000019
tt0117705,gd0000005
tt0117705,gd0000003
tt0209958,gd0000012
tt0209958,gd0000008
tt0209958,gd0000002
tt0113321,gd0000003
tt0113321,gd0000006
tt0113321,gd0000004
tt0111756,gd0000005
tt0111756,gd0000016
tt0111756,gd0000013
tt1255953,gd0000006
tt1255953,gd0000015
tt1255953,gd0000014
tt0307987,gd0000003
tt0307987,gd0000013
tt0307987,gd0000006
tt0330793,gd0000001
tt0330793,gd0000005
tt0330793,gd0000013
tt0384537,gd0000005
tt0384537,gd0000012
tt0384537,gd0000015
tt1219289,gd0000015
tt1219289,gd0000008
tt1219289,gd0000002
tt0050986,gd0000006
tt0050986,gd0000004
tt0432283,gd0000019
tt0432283,gd0000005
tt0432283,gd0000003
tt0084787,gd0000012
tt0084787,gd0000015
tt0084787,gd0000008
tt0436697,gd0000016
tt0436697,gd0000006
tt0175880,gd0000006
tt0107688,gd0000019
tt0107688,gd0000010
tt0107688,gd0000009
tt1631867,gd0000001
tt1631867,gd0000005
tt1631867,gd0000008
tt0486583,gd0000003
tt0486583,gd0000010
tt0486583,gd0000009
tt1401143,gd0000005
tt1401143,gd0000009
tt1401143,gd0000012
tt0478304,gd0000006
tt0478304,gd0000009
tt0485947,gd0000006
tt0485947,gd0000009
tt0485947,gd0000004
tt1386588,gd0000001
tt1386588,gd0000003
tt1386588,gd0000013
tt0099566,gd0000006
tt0099566,gd0000002
tt0100150,gd0000013
tt0100150,gd0000006
tt0100150,gd0000002
tt0103786,gd0000003
tt0103786,gd0000006
tt0103786,gd0000010
tt0119313,gd0000006
tt0119313,gd0000004
tt0102975,gd0000001
tt0102975,gd0000005
tt0102975,gd0000008
tt1724970,gd0000001
tt1724970,gd0000005
tt1724970,gd0000012
tt0832266,gd0000003
tt0832266,gd0000006
tt0832266,gd0000004
tt1485796,gd0000016
tt1485796,gd0000006
tt1485796,gd0000020
tt0117665,gd0000013
tt0117665,gd0000006
tt0117665,gd0000002
tt0088763,gd0000005
tt0088763,gd0000003
tt0088763,gd0000008
tt0266697,gd0000001
tt0266697,gd0000013
tt0266697,gd0000002
tt0104545,gd0000003
tt0104545,gd0000006
tt0104545,gd0000004
tt0031679,gd0000003
tt0031679,gd0000006
tt0111257,gd0000001
tt0111257,gd0000005
tt0111257,gd0000013
tt0866439,gd0000003
tt0866439,gd0000004
tt0964517,gd0000016
tt0964517,gd0000006
tt0964517,gd0000011
tt1375670,gd0000003
tt1637688,gd0000001
tt1637688,gd0000008
tt1637688,gd0000002
tt0044741,gd0000006
tt0101757,gd0000003
tt0762121,gd0000006
tt0762121,gd0000010
tt0762121,gd0000017
tt0983193,gd0000019
tt0983193,gd0000001
tt0983193,gd0000005
tt0196229,gd0000003
tt1670345,gd0000013
tt1670345,gd0000015
tt1670345,gd0000002
tt0454848,gd0000013
tt0454848,gd0000006
tt0454848,gd0000015
tt1528854,gd0000003
tt1528854,gd0000010
tt0134119,gd0000013
tt0134119,gd0000006
tt0134119,gd0000002
tt0452046,gd0000013
tt0452046,gd0000006
tt0452046,gd0000015
tt0478311,gd0000003
tt0478311,gd0000004
tt0120382,gd0000003
tt0120382,gd0000006
tt0120382,gd0000008
tt0106697,gd0000001
tt0106697,gd0000013
tt0106697,gd0000008
tt2820852,gd0000001
tt2820852,gd0000013
tt2820852,gd0000002
tt0109635,gd0000006
tt0109635,gd0000002
tt0144117,gd0000001
tt0144117,gd0000013
tt0144117,gd0000002
tt2802144,gd0000001
tt2802144,gd0000005
tt2802144,gd0000003
tt0332280,gd0000006
tt0332280,gd0000004
tt0795421,gd0000003
tt0795421,gd0000010
tt0795421,gd0000020
tt2305051,gd0000005
tt2305051,gd0000016
tt2305051,gd0000006
tt1853728,gd0000006
tt1853728,gd0000007
tt0110168,gd0000003
tt0110168,gd0000010
tt0119094,gd0000001
tt0119094,gd0000013
tt0119094,gd0000008
tt0155753,gd0000003
tt0155753,gd0000010
tt1282140,gd0000003
tt1282140,gd0000006
tt1282140,gd0000004
tt1267297,gd0000001
tt1267297,gd0000005
tt0022100,gd0000013
tt0022100,gd0000006
tt0022100,gd0000015
tt5311514,gd0000019
tt5311514,gd0000006
tt5311514,gd0000009
tt0112462,gd0000001
tt0112462,gd0000005
tt0112462,gd0000009
tt1800241,gd0000013
tt1800241,gd0000006
tt0213149,gd0000001
tt0213149,gd0000006
tt0213149,gd0000017
tt0203259,gd0000013
tt0203259,gd0000006
tt0203259,gd0000015
tt5715874,gd0000006
tt5715874,gd0000012
tt5715874,gd0000015
tt0078748,gd0000012
tt0078748,gd0000008
tt3890160,gd0000001
tt3890160,gd0000013
tt3890160,gd0000018
tt0116191,gd0000003
tt0116191,gd0000006
tt0116191,gd0000004
tt0293815,gd0000003
tt0293815,gd0000006
tt4263482,gd0000012
tt4263482,gd0000015
tt0052311,gd0000013
tt0052311,gd0000006
tt0052311,gd0000021
tt0107290,gd0000005
tt0107290,gd0000008
tt0107290,gd0000002
tt0100758,gd0000001
tt0100758,gd0000005
tt0100758,gd0000003
tt0133751,gd0000012
tt0133751,gd0000008
tt1661199,gd0000006
tt1661199,gd0000010
tt1661199,gd0000009
tt0096283,gd0000019
tt0096283,gd0000010
tt0096283,gd0000009
tt0119081,gd0000012
tt0119081,gd0000008
tt0119081,gd0000002
tt0100802,gd0000001
tt0100802,gd0000008
tt0100802,gd0000002
tt0187393,gd0000001
tt0187393,gd0000006
tt0187393,gd0000017
tt0108358,gd0000001
tt0108358,gd0000016
tt0108358,gd0000006
tt0076759,gd0000001
tt0076759,gd0000005
tt0076759,gd0000009
tt0186151,gd0000013
tt0186151,gd0000006
tt0186151,gd0000015
tt0117765,gd0000003
tt0117765,gd0000013
tt0117765,gd0000006
tt0106701,gd0000003
tt0106701,gd0000010
tt0790636,gd0000016
tt0790636,gd0000006
tt1210166,gd0000016
tt1210166,gd0000006
tt1210166,gd0000011
tt2527336,gd0000001
tt2527336,gd0000005
tt2527336,gd0000009
tt0144084,gd0000013
tt0144084,gd0000006
tt0115736,gd0000013
tt0115736,gd0000004
tt0115736,gd0000002
tt0120689,gd0000013
tt0120689,gd0000006
tt0120689,gd0000009
tt1659337,gd0000006
tt1659337,gd0000004
tt0120347,gd0000001
tt0120347,gd0000005
tt0120347,gd0000002
tt0087884,gd0000006
tt0116629,gd0000001
tt0116629,gd0000005
tt0116629,gd0000008
tt0378194,gd0000001
tt0378194,gd0000013
tt0378194,gd0000002
tt0104940,gd0000003
tt0104940,gd0000006
tt0104940,gd0000010
tt0107438,gd0000003
tt0107438,gd0000010
tt0107438,gd0000004
tt0120663,gd0000006
tt0120663,gd0000015
tt0120663,gd0000002
tt1578873,gd0000006
tt1578873,gd0000015
tt1578873,gd0000004
tt3532216,gd0000001
tt3532216,gd0000016
tt3532216,gd0000003
tt0309987,gd0000006
tt0309987,gd0000004
tt0108160,gd0000003
tt0108160,gd0000006
tt0108160,gd0000004
tt1379182,gd0000006
tt1379182,gd0000002
tt3332064,gd0000005
tt3332064,gd0000010
tt3332064,gd0000009
tt0074958,gd0000006
tt0383534,gd0000006
tt0113855,gd0000001
tt0113855,gd0000005
tt0113855,gd0000009
tt0105156,gd0000006
tt0105156,gd0000002
tt0332379,gd0000003
tt0332379,gd0000010
tt0332379,gd0000018
tt0105275,gd0000013
tt0105275,gd0000006
tt0118617,gd0000019
tt0118617,gd0000005
tt0118617,gd0000006
tt1809398,gd0000016
tt1809398,gd0000006
tt1809398,gd0000011
tt6868216,gd0000003
tt6868216,gd0000013
tt6868216,gd0000015
tt2279339,gd0000003
tt2279339,gd0000009
tt2279339,gd0000004
tt0238380,gd0000001
tt0238380,gd0000006
tt0238380,gd0000008
tt0062622,gd0000005
tt0062622,gd0000008
tt0071562,gd0000013
tt0071562,gd0000006
tt0482571,gd0000006
tt0482571,gd0000015
tt0482571,gd0000008
tt0780504,gd0000013
tt0780504,gd0000006
tt2180411,gd0000005
tt2180411,gd0000003
tt2180411,gd0000006
tt1454468,gd0000006
tt1454468,gd0000008
tt1454468,gd0000002
tt0116287,gd0000006
tt0116287,gd0000002
tt0113627,gd0000006
tt0113627,gd0000004
tt4209788,gd0000016
tt4209788,gd0000006
tt0317219,gd0000019
tt0317219,gd0000003
tt0317219,gd0000010
tt0120863,gd0000006
tt0120863,gd0000014
tt0079944,gd0000006
tt0079944,gd0000008
tt0119488,gd0000013
tt0119488,gd0000006
tt0119488,gd0000015
tt0442933,gd0000019
tt0442933,gd0000001
tt0442933,gd0000005
tt0107120,gd0000003
tt0107120,gd0000010
tt0107120,gd0000009
tt0118998,gd0000003
tt0118998,gd0000010
tt0118998,gd0000009
tt0496806,gd0000013
tt0496806,gd0000002
tt1321511,gd0000001
tt1321511,gd0000006
tt1321511,gd0000015
tt1504320,gd0000016
tt1504320,gd0000006
tt1528100,gd0000001
tt1528100,gd0000005
tt1528100,gd0000006
tt0106856,gd0000013
tt0106856,gd0000006
tt0106856,gd0000002
tt1615065,gd0000013
tt1615065,gd0000006
tt1615065,gd0000002
tt0107211,gd0000006
tt0107211,gd0000004
tt0110478,gd0000001
tt0110478,gd0000005
tt0110478,gd0000003
tt0212346,gd0000001
tt0212346,gd0000003
tt0212346,gd0000013
tt2234155,gd0000003
tt0217505,gd0000013
tt0217505,gd0000006
tt0185937,gd0000012
tt0185937,gd0000015
tt0349683,gd0000001
tt0349683,gd0000005
tt0349683,gd0000006
tt0356910,gd0000001
tt0356910,gd0000003
tt0356910,gd0000013
tt0386588,gd0000003
tt0386588,gd0000004
tt0099871,gd0000006
tt0099871,gd0000012
tt0099871,gd0000015
tt0046268,gd0000005
tt0046268,gd0000006
tt0046268,gd0000002
tt0371724,gd0000005
tt0371724,gd0000003
tt0371724,gd0000008
tt0021749,gd0000003
tt0021749,gd0000006
tt0021749,gd0000004
tt0102685,gd0000001
tt0102685,gd0000013
tt0102685,gd0000002
tt0204946,gd0000003
tt0204946,gd0000004
tt0204946,gd0000011
tt5726616,gd0000006
tt5726616,gd0000004
tt0162222,gd0000005
tt0162222,gd0000006
tt0162222,gd0000004
tt0218967,gd0000003
tt0218967,gd0000006
tt0218967,gd0000009
tt4622512,gd0000016
tt4622512,gd0000003
tt4622512,gd0000006
tt0207201,gd0000003
tt0207201,gd0000009
tt0207201,gd0000004
tt1446192,gd0000019
tt1446192,gd0000005
tt1446192,gd0000010
tt0099141,gd0000001
tt0099141,gd0000003
tt1796960,gd0000013
tt1796960,gd0000006
tt1796960,gd0000015
tt0388419,gd0000003
tt0388419,gd0000010
tt0047296,gd0000013
tt0047296,gd0000006
tt0047296,gd0000002
tt0443706,gd0000013
tt0443706,gd0000006
tt0443706,gd0000017
tt0120888,gd0000003
tt0120888,gd0000018
tt0120888,gd0000004
tt0454945,gd0000003
tt0454945,gd0000004
tt0454945,gd0000011
tt0266915,gd0000001
tt0266915,gd0000003
tt0266915,gd0000013
tt3530002,gd0000005
tt3530002,gd0000003
tt3530002,gd0000009
tt0100405,gd0000003
tt0100405,gd0000004
tt0036775,gd0000013
tt0036775,gd0000006
tt0036775,gd0000021
tt0413267,gd0000019
tt0413267,gd0000005
tt0413267,gd0000003
tt0108333,gd0000001
tt0108333,gd0000005
tt0108333,gd0000003
tt0102492,gd0000003
tt0102492,gd0000006
tt0102492,gd0000010
tt0446029,gd0000001
tt0446029,gd0000003
tt0446029,gd0000004
tt0055630,gd0000001
tt0055630,gd0000006
tt0055630,gd0000002
tt0206634,gd0000006
tt0206634,gd0000008
tt0206634,gd0000002
tt0056172,gd0000005
tt0056172,gd0000016
tt0056172,gd0000006
tt0054215,gd0000012
tt0054215,gd0000015
tt0054215,gd0000002
tt0175142,gd0000003
tt0409459,gd0000001
tt0409459,gd0000006
tt0409459,gd0000015
tt0387808,gd0000005
tt0387808,gd0000003
tt0387808,gd0000008
tt0105665,gd0000006
tt0105665,gd0000012
tt0105665,gd0000015
tt0277434,gd0000001
tt0277434,gd0000006
tt0277434,gd0000017
tt0078788,gd0000006
tt0078788,gd0000014
tt3920596,gd0000013
tt3920596,gd0000006
tt3920596,gd0000015
tt1253863,gd0000001
tt1253863,gd0000009
tt0100404,gd0000015
tt0100404,gd0000002
tt0489099,gd0000001
tt0489099,gd0000005
tt0489099,gd0000008
tt2582802,gd0000006
tt2582802,gd0000018
tt0117998,gd0000001
tt0117998,gd0000005
tt0117998,gd0000006
tt0347149,gd0000019
tt0347149,gd0000005
tt0347149,gd0000010
tt0108255,gd0000005
tt0108255,gd0000003
tt0108255,gd0000010
tt0250494,gd0000003
tt0250494,gd0000004
tt0221027,gd0000016
tt0221027,gd0000013
tt0221027,gd0000006
tt0756683,gd0000006
tt0756683,gd0000009
tt0756683,gd0000008
tt1032755,gd0000001
tt1032755,gd0000013
tt1032755,gd0000002
tt0114852,gd0000012
tt0114852,gd0000008
tt0114852,gd0000002
tt0105121,gd0000003
tt0105121,gd0000012
tt0105121,gd0000015
tt0116367,gd0000001
tt0116367,gd0000013
tt0116367,gd0000012
tt5294550,gd0000016
tt5294550,gd0000013
tt5294550,gd0000006
tt0190590,gd0000005
tt0190590,gd0000003
tt0190590,gd0000013
tt0312528,gd0000005
tt0312528,gd0000003
tt0312528,gd0000010
tt1433207,gd0000003
tt1433207,gd0000006
tt0477348,gd0000013
tt0477348,gd0000006
tt0477348,gd0000002
tt0161081,gd0000006
tt0161081,gd0000009
tt0161081,gd0000012
tt0463985,gd0000001
tt0463985,gd0000013
tt0463985,gd0000002
tt0211915,gd0000003
tt0211915,gd0000004
tt0116231,gd0000013
tt0116231,gd0000006
tt0116231,gd0000002
tt1570728,gd0000003
tt1570728,gd0000006
tt1570728,gd0000004
tt1606378,gd0000001
tt1606378,gd0000002
tt0092067,gd0000019
tt0092067,gd0000005
tt0092067,gd0000010
tt0316654,gd0000001
tt0316654,gd0000005
tt0316654,gd0000008
tt2094766,gd0000001
tt2094766,gd0000005
tt2094766,gd0000009
tt2203939,gd0000003
tt2203939,gd0000004
tt0822854,gd0000001
tt0822854,gd0000013
tt0822854,gd0000006
tt0456554,gd0000003
tt1615160,gd0000001
tt1615160,gd0000013
tt1615160,gd0000006
tt1029234,gd0000012
tt0105812,gd0000003
tt0105812,gd0000006
tt0105812,gd0000011
tt2955096,gd0000003
tt2955096,gd0000006
tt0060196,gd0000007
tt0435705,gd0000001
tt0435705,gd0000008
tt0435705,gd0000002
tt1560747,gd0000006
tt1152836,gd0000016
tt1152836,gd0000013
tt1152836,gd0000006
tt2543164,gd0000006
tt2543164,gd0000015
tt2543164,gd0000008
tt1211837,gd0000001
tt1211837,gd0000005
tt1211837,gd0000009
tt0800320,gd0000001
tt0800320,gd0000005
tt0800320,gd0000009
tt2316411,gd0000015
tt2316411,gd0000002
tt0299658,gd0000003
tt0299658,gd0000013
tt0299658,gd0000020
tt0385752,gd0000005
tt0385752,gd0000010
tt0385752,gd0000009
tt2294449,gd0000001
tt2294449,gd0000003
tt2294449,gd0000013
tt0167190,gd0000001
tt0167190,gd0000009
tt0167190,gd0000012
tt0910936,gd0000001
tt0910936,gd0000003
tt0910936,gd0000013
tt0780521,gd0000019
tt0780521,gd0000005
tt0780521,gd0000003
tt2310332,gd0000005
tt2310332,gd0000009
tt1136608,gd0000008
tt1136608,gd0000002
tt2381249,gd0000001
tt2381249,gd0000005
tt2381249,gd0000002
tt1067106,gd0000019
tt1067106,gd0000006
tt1067106,gd0000010
tt0109190,gd0000005
tt0109190,gd0000003
tt0109190,gd0000013
tt0416236,gd0000005
tt0416236,gd0000010
tt0416236,gd0000009
tt0099582,gd0000006
tt0099582,gd0000012
tt0099582,gd0000008
tt0151738,gd0000003
tt0151738,gd0000006
tt0151738,gd0000004
tt0099685,gd0000016
tt0099685,gd0000013
tt0099685,gd0000006
tt0110413,gd0000013
tt0110413,gd0000006
tt0110413,gd0000002
tt1078940,gd0000003
tt1125849,gd0000006
tt1125849,gd0000011
tt0112851,gd0000001
tt0112851,gd0000002
tt0938283,gd0000001
tt0938283,gd0000005
tt0938283,gd0000010
tt0120591,gd0000001
tt0120591,gd0000005
tt0120591,gd0000008
tt0103855,gd0000001
tt0103855,gd0000006
tt0103855,gd0000018
tt0107034,gd0000006
tt0107034,gd0000012
tt0107034,gd0000002
tt1210819,gd0000001
tt1210819,gd0000005
tt1210819,gd0000007
tt0114168,gd0000006
tt0114168,gd0000009
tt0114168,gd0000015
tt0105236,gd0000013
tt0105236,gd0000006
tt0105236,gd0000002
tt1515091,gd0000001
tt1515091,gd0000005
tt1515091,gd0000013
tt0102782,gd0000005
tt0102782,gd0000006
tt0102782,gd0000004
tt2975590,gd0000001
tt2975590,gd0000005
tt2975590,gd0000008
tt0246460,gd0000001
tt0246460,gd0000005
tt0246460,gd0000002
tt0277371,gd0000003
tt0268978,gd0000016
tt0268978,gd0000006
tt0112442,gd0000001
tt0112442,gd0000003
tt0112442,gd0000013
tt0120737,gd0000005
tt0120737,gd0000006
tt0120737,gd0000009
tt0113101,gd0000003
tt0119345,gd0000012
tt0119345,gd0000015
tt0119345,gd0000002
tt3460252,gd0000013
tt3460252,gd0000006
tt3460252,gd0000015
tt0053604,gd0000003
tt0053604,gd0000006
tt0053604,gd0000004
tt0057012,gd0000003
tt0057012,gd0000014
tt0257076,gd0000001
tt0257076,gd0000005
tt0257076,gd0000013
tt0298130,gd0000012
tt0298130,gd0000015
tt1170358,gd0000005
tt1170358,gd0000009
tt0108147,gd0000003
tt0108147,gd0000010
tt0108147,gd0000018
tt1305806,gd0000006
tt1305806,gd0000015
tt1305806,gd0000004
tt0986264,gd0000006
tt0986264,gd0000010
tt0453467,gd0000001
tt0453467,gd0000013
tt0453467,gd0000008
tt1324999,gd0000005
tt1324999,gd0000006
tt1324999,gd0000009
tt0320691,gd0000001
tt0320691,gd0000009
tt0320691,gd0000002
tt0491738,gd0000003
tt0491738,gd0000013
tt0491738,gd0000015
tt0106770,gd0000001
tt0106770,gd0000016
tt0106770,gd0000006
tt0107977,gd0000005
tt0107977,gd0000003
tt0107977,gd0000020
tt1431045,gd0000001
tt1431045,gd0000005
tt1431045,gd0000003
tt0770828,gd0000001
tt0770828,gd0000005
tt0770828,gd0000009
tt0266308,gd0000005
tt0266308,gd0000006
tt0266308,gd0000008
tt0099892,gd0000003
tt0099892,gd0000004
tt0417741,gd0000005
tt0417741,gd0000010
tt0417741,gd0000009
tt0209475,gd0000003
tt0209475,gd0000004
tt0381061,gd0000001
tt0381061,gd0000005
tt0381061,gd0000002
tt0119654,gd0000005
tt0119654,gd0000003
tt0119654,gd0000010
tt1405406,gd0000006
tt1405406,gd0000009
tt1405406,gd0000012
tt0363771,gd0000005
tt0363771,gd0000010
tt0363771,gd0000009
tt0119051,gd0000001
tt0119051,gd0000005
tt0119051,gd0000006
tt0086190,gd0000001
tt0086190,gd0000005
tt0086190,gd0000009
tt0113670,gd0000006
tt0113670,gd0000010
tt0113670,gd0000009
tt0380510,gd0000006
tt0380510,gd0000009
tt0380510,gd0000002
tt0050825,gd0000006
tt0050825,gd0000014
tt0073486,gd0000006
tt0102526,gd0000001
tt0102526,gd0000013
tt0102526,gd0000006
tt0116683,gd0000019
tt0116683,gd0000005
tt0116683,gd0000010
tt0105265,gd0000006
tt0455824,gd0000005
tt0455824,gd0000006
tt0455824,gd0000004
tt0328107,gd0000001
tt0328107,gd0000013
tt0328107,gd0000006
tt0405422,gd0000003
tt0405422,gd0000004
tt1229238,gd0000001
tt1229238,gd0000005
tt1229238,gd0000002
tt3411444,gd0000019
tt3411444,gd0000005
tt3411444,gd0000003
tt0124298,gd0000003
tt0124298,gd0000006
tt0124298,gd0000004
tt0486655,gd0000005
tt0486655,gd0000010
tt0486655,gd0000009
tt0790724,gd0000001
tt0790724,gd0000013
tt0790724,gd0000015
tt0106308,gd0000003
tt0106308,gd0000012
tt0146675,gd0000001
tt0146675,gd0000009
tt0146675,gd0000012
tt0137523,gd0000006
tt1939659,gd0000006
tt1939659,gd0000012
tt0120855,gd0000019
tt0120855,gd0000005
tt0120855,gd0000010
tt0367882,gd0000001
tt0367882,gd0000005
tt0367882,gd0000009
tt2948356,gd0000019
tt2948356,gd0000005
tt2948356,gd0000003
tt3521164,gd0000019
tt3521164,gd0000005
tt3521164,gd0000003
tt0440963,gd0000001
tt0440963,gd0000015
tt0440963,gd0000002
tt0050212,gd0000005
tt0050212,gd0000006
tt0050212,gd0000014
tt0107554,gd0000013
tt0107554,gd0000006
tt0107554,gd0000002
tt0247638,gd0000003
tt0247638,gd0000010
tt0247638,gd0000004
tt0338466,gd0000003
tt3170832,gd0000006
tt0105327,gd0000006
tt0053198,gd0000013
tt0053198,gd0000006
tt1790864,gd0000001
tt1790864,gd0000015
tt1790864,gd0000008
tt0316396,gd0000005
tt0316396,gd0000010
tt0316396,gd0000009
tt0455944,gd0000001
tt0455944,gd0000013
tt0455944,gd0000002
tt0120735,gd0000003
tt0120735,gd0000013
tt0112864,gd0000001
tt0112864,gd0000005
tt0112864,gd0000002
tt1951261,gd0000003
tt1951261,gd0000013
tt0102536,gd0000003
tt0102536,gd0000006
tt0190332,gd0000001
tt0190332,gd0000005
tt0190332,gd0000009
tt0066921,gd0000013
tt0066921,gd0000006
tt0066921,gd0000008
tt0476735,gd0000006
tt1314655,gd0000012
tt1314655,gd0000015
tt1314655,gd0000002
tt0433400,gd0000003
tt0433400,gd0000004
tt0101862,gd0000003
tt0101862,gd0000010
tt0101862,gd0000004
tt2452242,gd0000003
tt2452242,gd0000013
tt2452242,gd0000009
tt2554274,gd0000006
tt2554274,gd0000009
tt2554274,gd0000012
tt0106677,gd0000003
tt4443658,gd0000012
tt4443658,gd0000002
tt3896198,gd0000001
tt3896198,gd0000005
tt3896198,gd0000008
tt0120780,gd0000013
tt0120780,gd0000006
tt0120780,gd0000004
tt0109831,gd0000003
tt0109831,gd0000006
tt0109831,gd0000004
tt0100419,gd0000003
tt0100419,gd0000010
tt0120685,gd0000001
tt0120685,gd0000008
tt0120685,gd0000002
tt0926084,gd0000005
tt0926084,gd0000010
tt0926084,gd0000009
tt0113497,gd0000001
tt0113497,gd0000005
tt0113497,gd0000010
tt0112431,gd0000003
tt0112431,gd0000006
tt0112431,gd0000010
tt2488496,gd0000001
tt2488496,gd0000005
tt2488496,gd0000009
tt0349205,gd0000003
tt0349205,gd0000010
tt3205802,gd0000013
tt3205802,gd0000006
tt3205802,gd0000015
tt0118688,gd0000001
tt0118688,gd0000008
tt0117951,gd0000006
tt0106246,gd0000005
tt0106246,gd0000016
tt0106246,gd0000006
tt0203009,gd0000006
tt0203009,gd0000020
tt0203009,gd0000004
tt0780536,gd0000003
tt0780536,gd0000013
tt0780536,gd0000006
tt0129167,gd0000019
tt0129167,gd0000001
tt0129167,gd0000005
tt0256415,gd0000003
tt0256415,gd0000004
tt0242653,gd0000001
tt0242653,gd0000008
tt0109444,gd0000001
tt0109444,gd0000013
tt0109444,gd0000006
tt0369610,gd0000001
tt0369610,gd0000005
tt0369610,gd0000008
tt0457510,gd0000003
tt0457510,gd0000010
tt0457510,gd0000011
tt1340138,gd0000001
tt1340138,gd0000005
tt1340138,gd0000008
tt0338564,gd0000013
tt0338564,gd0000006
tt0338564,gd0000015
tt0134847,gd0000012
tt0134847,gd0000008
tt0102798,gd0000001
tt0102798,gd0000005
tt0102798,gd0000006
tt0311113,gd0000001
tt0311113,gd0000005
tt0311113,gd0000006
tt0107719,gd0000010
tt0107719,gd0000009
tt0107719,gd0000018
tt2278871,gd0000006
tt2278871,gd0000004
tt0120917,gd0000019
tt0120917,gd0000005
tt0120917,gd0000003
tt0120630,gd0000019
tt0120630,gd0000005
tt0120630,gd0000003
tt0099077,gd0000016
tt0099077,gd0000006
tt0177971,gd0000001
tt0177971,gd0000005
tt0177971,gd0000006
tt0120915,gd0000001
tt0120915,gd0000005
tt0120915,gd0000009
tt0361862,gd0000006
tt0361862,gd0000002
tt2250912,gd0000001
tt2250912,gd0000005
tt2250912,gd0000008
tt0107616,gd0000003
tt0107616,gd0000006
tt0107616,gd0000004
tt0083987,gd0000016
tt0083987,gd0000006
tt0083987,gd0000017
tt5580036,gd0000016
tt5580036,gd0000003
tt5580036,gd0000006
tt0012349,gd0000003
tt0012349,gd0000006
tt0012349,gd0000010
tt2119532,gd0000016
tt2119532,gd0000006
tt2119532,gd0000017
tt0117887,gd0000003
tt0117887,gd0000006
tt0117887,gd0000018
tt0099088,gd0000005
tt0099088,gd0000003
tt0099088,gd0000008
tt0114388,gd0000006
tt0114388,gd0000004
tt0120812,gd0000001
tt0120812,gd0000003
tt0120812,gd0000013
tt0181875,gd0000005
tt0181875,gd0000003
tt0181875,gd0000006
tt0230600,gd0000012
tt0230600,gd0000015
tt0230600,gd0000002
tt0407887,gd0000013
tt0407887,gd0000006
tt0407887,gd0000002
tt0449467,gd0000006
tt0356680,gd0000003
tt0356680,gd0000006
tt0356680,gd0000004
tt0213847,gd0000003
tt0213847,gd0000006
tt0213847,gd0000004
tt2126355,gd0000001
tt2126355,gd0000005
tt2126355,gd0000006
tt0056801,gd0000006
tt0387564,gd0000013
tt0387564,gd0000012
tt0387564,gd0000015
tt0138097,gd0000003
tt0138097,gd0000006
tt0138097,gd0000017
tt0110366,gd0000003
tt0110366,gd0000010
tt0110366,gd0000004
tt1273235,gd0000012
tt1273235,gd0000015
tt1273235,gd0000002
tt0025316,gd0000003
tt0025316,gd0000004
tt0441773,gd0000019
tt0441773,gd0000001
tt0441773,gd0000005
tt1291584,gd0000006
tt1291584,gd0000011
tt4034228,gd0000006
tt0452681,gd0000005
tt0452681,gd0000003
tt0452681,gd0000010
tt0108550,gd0000006
tt0100054,gd0000005
tt0100054,gd0000006
tt0100054,gd0000002
tt0472062,gd0000016
tt0472062,gd0000003
tt0472062,gd0000006
tt0100814,gd0000003
tt0100814,gd0000012
tt1010048,gd0000006
tt1010048,gd0000004
tt0100050,gd0000003
tt0100050,gd0000010
tt0100050,gd0000004
tt0247745,gd0000003
tt0247745,gd0000013
tt0247745,gd0000015
tt1109624,gd0000019
tt1109624,gd0000005
tt1109624,gd0000003
tt0109254,gd0000001
tt0109254,gd0000003
tt0109254,gd0000013
tt0104952,gd0000003
tt0104952,gd0000013
tt0119008,gd0000016
tt0119008,gd0000013
tt0119008,gd0000006
tt0111070,gd0000003
tt0111070,gd0000006
tt0111070,gd0000010
tt0425112,gd0000001
tt0425112,gd0000003
tt1790885,gd0000006
tt1790885,gd0000002
tt0381707,gd0000003
tt0381707,gd0000013
tt0360717,gd0000001
tt0360717,gd0000005
tt0360717,gd0000006
tt0145681,gd0000013
tt0145681,gd0000006
tt0145681,gd0000015
tt0172495,gd0000001
tt0172495,gd0000005
tt0172495,gd0000006
tt0116225,gd0000001
tt0116225,gd0000005
tt0116225,gd0000008
tt2096673,gd0000019
tt2096673,gd0000005
tt2096673,gd0000003
tt0218839,gd0000003
tt0113277,gd0000001
tt0113277,gd0000013
tt0113277,gd0000006
tt1253864,gd0000001
tt1253864,gd0000006
tt1253864,gd0000009
tt0110148,gd0000006
tt0110148,gd0000012
tt0080678,gd0000016
tt0080678,gd0000006
tt0758758,gd0000005
tt0758758,gd0000016
tt0758758,gd0000006
tt1205489,gd0000006
tt0937375,gd0000003
tt0937375,gd0000006
tt0937375,gd0000004
tt0101635,gd0000003
tt0101635,gd0000006
tt0101635,gd0000010
tt0162661,gd0000009
tt0162661,gd0000012
tt0162661,gd0000015
tt0800080,gd0000001
tt0800080,gd0000005
tt0800080,gd0000008
tt0126029,gd0000019
tt0126029,gd0000005
tt0126029,gd0000003
tt0166924,gd0000006
tt0166924,gd0000015
tt0166924,gd0000002
tt0110989,gd0000003
tt0110989,gd0000010
tt0031381,gd0000006
tt0031381,gd0000017
tt0031381,gd0000004
tt0295178,gd0000001
tt0295178,gd0000005
tt0295178,gd0000003
tt2034800,gd0000001
tt2034800,gd0000005
tt2034800,gd0000009
tt1119646,gd0000003
tt0955308,gd0000001
tt0955308,gd0000005
tt0955308,gd0000006
tt0119925,gd0000001
tt0119925,gd0000005
tt0119925,gd0000006
tt0250797,gd0000006
tt0250797,gd0000002
tt1491044,gd0000001
tt1491044,gd0000016
tt1491044,gd0000013
tt0120082,gd0000012
tt0120082,gd0000015
tt1711525,gd0000003
tt0105629,gd0000005
tt0105629,gd0000003
tt0105629,gd0000006
tt1645170,gd0000003
tt0348150,gd0000001
tt0348150,gd0000005
tt0348150,gd0000008
tt0368891,gd0000001
tt0368891,gd0000005
tt0368891,gd0000010
tt2911666,gd0000001
tt2911666,gd0000013
tt2911666,gd0000002
tt0113540,gd0000006
tt0097165,gd0000003
tt0097165,gd0000006
tt2191701,gd0000003
tt4651520,gd0000003
tt0088247,gd0000001
tt0088247,gd0000008
tt0398286,gd0000019
tt0398286,gd0000005
tt0398286,gd0000003
tt0368226,gd0000006
tt0478970,gd0000001
tt0478970,gd0000005
tt0478970,gd0000003
tt4972582,gd0000012
tt4972582,gd0000002
tt0119174,gd0000006
tt0119174,gd0000015
tt0119174,gd0000002
tt1392170,gd0000005
tt1392170,gd0000008
tt1392170,gd0000002
tt3152624,gd0000003
tt3152624,gd0000006
tt3152624,gd0000004
tt0109068,gd0000003
tt0109068,gd0000013
tt0109068,gd0000018
tt0119190,gd0000001
tt0119190,gd0000005
tt0119190,gd0000003
tt0103776,gd0000001
tt0103776,gd0000005
tt0103776,gd0000013
tt1013752,gd0000001
tt1013752,gd0000013
tt1013752,gd0000002
tt0142342,gd0000003
tt0142342,gd0000006
tt3402236,gd0000013
tt3402236,gd0000006
tt3402236,gd0000015
tt1092026,gd0000005
tt1092026,gd0000003
tt1092026,gd0000008
tt0101540,gd0000013
tt0101540,gd0000002
tt0253474,gd0000016
tt0253474,gd0000006
tt0253474,gd0000018
tt1065073,gd0000006
tt0046438,gd0000006
tt0092005,gd0000005
tt0092005,gd0000006
tt0042192,gd0000006
tt0463854,gd0000006
tt0463854,gd0000012
tt0463854,gd0000008
tt0114746,gd0000015
tt0114746,gd0000008
tt0114746,gd0000002
tt0472033,gd0000019
tt0472033,gd0000001
tt0472033,gd0000005
tt1408101,gd0000001
tt1408101,gd0000005
tt1408101,gd0000008
tt0465538,gd0000013
tt0465538,gd0000006
tt0465538,gd0000015
tt0470752,gd0000006
tt0470752,gd0000015
tt0470752,gd0000008
tt0127723,gd0000003
tt0127723,gd0000004
tt0104522,gd0000005
tt0104522,gd0000010
tt0104522,gd0000009
tt1675434,gd0000016
tt1675434,gd0000003
tt1675434,gd0000006
tt0120201,gd0000001
tt0120201,gd0000005
tt0120201,gd0000008
tt5753856,gd0000013
tt5753856,gd0000006
tt5753856,gd0000015
tt4550098,gd0000013
tt4550098,gd0000006
tt4550098,gd0000004
tt0064115,gd0000016
tt0064115,gd0000013
tt0064115,gd0000006
tt0122718,gd0000001
tt0122718,gd0000005
tt0122718,gd0000003
tt0032551,gd0000006
tt0032551,gd0000017
tt0365748,gd0000003
tt0365748,gd0000012
tt0104257,gd0000006
tt0104257,gd0000002
tt0993842,gd0000001
tt0993842,gd0000006
tt0993842,gd0000002
tt0337978,gd0000001
tt0337978,gd0000005
tt0337978,gd0000002
tt0388980,gd0000016
tt0388980,gd0000006
tt0388980,gd0000017
tt0488120,gd0000013
tt0488120,gd0000006
tt0488120,gd0000015
tt0101393,gd0000001
tt0101393,gd0000013
tt0101393,gd0000006
tt0100403,gd0000001
tt0100403,gd0000012
tt0100403,gd0000008
tt1798684,gd0000006
tt1798684,gd0000011
tt0102511,gd0000006
tt0263488,gd0000012
tt0263488,gd0000015
tt1979320,gd0000001
tt1979320,gd0000016
tt1979320,gd0000006
tt0245844,gd0000001
tt0245844,gd0000005
tt0245844,gd0000006
tt1300854,gd0000001
tt1300854,gd0000005
tt1300854,gd0000008
tt5074352,gd0000001
tt5074352,gd0000016
tt5074352,gd0000006
tt0363547,gd0000001
tt0363547,gd0000012
tt0363547,gd0000002
tt1385826,gd0000004
tt1385826,gd0000008
tt1385826,gd0000002
tt0047478,gd0000005
tt0047478,gd0000006
tt0316356,gd0000001
tt0316356,gd0000006
tt0316356,gd0000004
tt0244244,gd0000001
tt0244244,gd0000013
tt0244244,gd0000002
tt0108551,gd0000016
tt0108551,gd0000006
tt0108551,gd0000018
tt1276104,gd0000001
tt1276104,gd0000013
tt1276104,gd0000006
tt4555426,gd0000016
tt4555426,gd0000006
tt4555426,gd0000017
tt0245429,gd0000019
tt0245429,gd0000005
tt0245429,gd0000010
tt0104389,gd0000006
tt0104389,gd0000002
tt0109445,gd0000003
tt0758774,gd0000001
tt0758774,gd0000006
tt0758774,gd0000004
tt0327850,gd0000001
tt0327850,gd0000005
tt0327850,gd0000003
tt0102059,gd0000001
tt0102059,gd0000003
tt0259446,gd0000003
tt0259446,gd0000006
tt0259446,gd0000004
tt0109424,gd0000013
tt0109424,gd0000006
tt0109424,gd0000004
tt0339291,gd0000005
tt0339291,gd0000003
tt0339291,gd0000010
tt0433387,gd0000001
tt0433387,gd0000013
tt0433387,gd0000006
tt0338348,gd0000019
tt0338348,gd0000005
tt0338348,gd0000010
tt1424381,gd0000001
tt1424381,gd0000005
tt1424381,gd0000008
tt0115963,gd0000006
tt0115963,gd0000009
tt0115963,gd0000012
tt0349903,gd0000013
tt0349903,gd0000002
tt0120647,gd0000001
tt0120647,gd0000006
tt0120647,gd0000004
tt0286499,gd0000003
tt0286499,gd0000006
tt0286499,gd0000004
tt6294822,gd0000016
tt6294822,gd0000006
tt6294822,gd0000017
tt0102266,gd0000001
tt0102266,gd0000003
tt0102266,gd0000013
tt0454082,gd0000012
tt0454921,gd0000016
tt0454921,gd0000006
tt0045152,gd0000003
tt0045152,gd0000020
tt0045152,gd0000004
tt1132620,gd0000006
tt1132620,gd0000015
tt1132620,gd0000002
tt0100263,gd0000001
tt0100263,gd0000002
tt0118880,gd0000001
tt0118880,gd0000013
tt0118880,gd0000002
tt0114694,gd0000005
tt0114694,gd0000003
tt2562232,gd0000003
tt2562232,gd0000006
tt0800039,gd0000003
tt0800039,gd0000006
tt0800039,gd0000004
tt0115685,gd0000003
tt1598822,gd0000003
tt1598822,gd0000004
tt0104691,gd0000001
tt0104691,gd0000005
tt0104691,gd0000006
tt0071853,gd0000005
tt0071853,gd0000003
tt0071853,gd0000009
tt1371150,gd0000003
tt1371150,gd0000006
tt0112471,gd0000006
tt0112471,gd0000004
tt0157503,gd0000003
tt0157503,gd0000004
tt0157503,gd0000002
tt7608418,gd0000003
tt7608418,gd0000004
tt1823672,gd0000001
tt1823672,gd0000013
tt1823672,gd0000006
tt7608534,gd0000004
tt0139654,gd0000013
tt0139654,gd0000006
tt0139654,gd0000002
tt0119303,gd0000003
tt0119303,gd0000013
tt0119303,gd0000010
tt0458525,gd0000001
tt0458525,gd0000005
tt0458525,gd0000008
tt1832382,gd0000006
tt1832382,gd0000015
tt0120631,gd0000003
tt0120631,gd0000006
tt0120631,gd0000004
tt1392214,gd0000013
tt1392214,gd0000006
tt1392214,gd0000015
tt1446714,gd0000005
tt1446714,gd0000015
tt1446714,gd0000008
tt0322330,gd0000003
tt0322330,gd0000010
tt0322330,gd0000009
tt0093058,gd0000006
tt0093058,gd0000014
tt0095765,gd0000006
tt0128853,gd0000003
tt0128853,gd0000006
tt0128853,gd0000004
tt1716772,gd0000003
tt1187043,gd0000003
tt1187043,gd0000006
tt0101745,gd0000003
tt0101745,gd0000006
tt0101745,gd0000004
tt1288558,gd0000009
tt1288558,gd0000012
tt1288558,gd0000002
tt0116908,gd0000001
tt0116908,gd0000013
tt0116908,gd0000006
tt0117060,gd0000001
tt0117060,gd0000005
tt0117060,gd0000002
tt3076658,gd0000006
tt3076658,gd0000011
tt2404463,gd0000001
tt2404463,gd0000003
tt2404463,gd0000013
tt4574334,gd0000006
tt4574334,gd0000009
tt4574334,gd0000012
tt0043014,gd0000006
tt0043014,gd0000021
tt0422720,gd0000016
tt0422720,gd0000006
tt0422720,gd0000017
tt1285016,gd0000016
tt1285016,gd0000006
tt0974661,gd0000003
tt0974661,gd0000006
tt0974661,gd0000010
tt1458175,gd0000013
tt1458175,gd0000006
tt1458175,gd0000004
tt0395169,gd0000016
tt0395169,gd0000006
tt0395169,gd0000017
tt0086250,gd0000013
tt0086250,gd0000006
tt0309698,gd0000015
tt0309698,gd0000002
tt0087843,gd0000013
tt0087843,gd0000006
tt0118971,gd0000006
tt0118971,gd0000015
tt0118971,gd0000002
tt0398165,gd0000003
tt0398165,gd0000013
tt0398165,gd0000011
tt0110213,gd0000005
tt0110213,gd0000010
tt0110213,gd0000004
tt0184907,gd0000005
tt0184907,gd0000003
tt0184907,gd0000010
tt5420376,gd0000013
tt5420376,gd0000006
tt5420376,gd0000015
tt0116583,gd0000019
tt0116583,gd0000006
tt0116583,gd0000010
tt0399201,gd0000001
tt0399201,gd0000005
tt0399201,gd0000004
tt1028528,gd0000001
tt1028528,gd0000002
tt0117913,gd0000013
tt0117913,gd0000006
tt0117913,gd0000002
tt0848228,gd0000001
tt0848228,gd0000005
tt0848228,gd0000008
tt0758752,gd0000003
tt0758752,gd0000006
tt0758752,gd0000004
tt0424205,gd0000006
tt0424205,gd0000017
tt0424205,gd0000018
tt0448157,gd0000001
tt0448157,gd0000013
tt0448157,gd0000006
tt1837492,gd0000006
tt1837492,gd0000015
tt0052357,gd0000015
tt0052357,gd0000004
tt0052357,gd0000002
tt0105643,gd0000003
tt0105643,gd0000009
tt0105643,gd0000012
tt0308644,gd0000016
tt0308644,gd0000006
tt0308644,gd0000010
tt0033467,gd0000006
tt0033467,gd0000015
tt0200550,gd0000003
tt0200550,gd0000006
tt0200550,gd0000018
tt1605630,gd0000003
tt0100395,gd0000003
tt0100395,gd0000006
tt0264464,gd0000016
tt0264464,gd0000013
tt0264464,gd0000006
tt0101272,gd0000003
tt0101272,gd0000009
tt0980970,gd0000005
tt0980970,gd0000010
tt0980970,gd0000009
tt4846340,gd0000016
tt4846340,gd0000006
tt4846340,gd0000017
tt2304933,gd0000001
tt2304933,gd0000005
tt2304933,gd0000008
tt0217869,gd0000006
tt0217869,gd0000015
tt0217869,gd0000008
tt0266543,gd0000019
tt0266543,gd0000005
tt0266543,gd0000003
tt0185183,gd0000001
tt0185183,gd0000005
tt0185183,gd0000008
tt0258463,gd0000001
tt0258463,gd0000015
tt0258463,gd0000002
tt0115433,gd0000005
tt0115433,gd0000003
tt0115433,gd0000013
tt0139239,gd0000003
tt0139239,gd0000013
tt3741834,gd0000016
tt3741834,gd0000006
tt0293508,gd0000006
tt0293508,gd0000020
tt0293508,gd0000004
tt1193138,gd0000006
tt1193138,gd0000004
tt2294629,gd0000019
tt2294629,gd0000005
tt2294629,gd0000003
tt0246578,gd0000006
tt0246578,gd0000008
tt0246578,gd0000002
tt0106965,gd0000005
tt0106965,gd0000006
tt0106965,gd0000010
tt0104070,gd0000003
tt0104070,gd0000009
tt0104070,gd0000012
tt0202470,gd0000006
tt0202470,gd0000018
tt0120484,gd0000003
tt0120484,gd0000011
tt0077416,gd0000006
tt0077416,gd0000014
tt1142988,gd0000003
tt1142988,gd0000004
tt1559547,gd0000006
tt1559547,gd0000009
tt1559547,gd0000004
tt0105695,gd0000006
tt0105695,gd0000007
tt0147800,gd0000003
tt0147800,gd0000006
tt0147800,gd0000004
tt1524930,gd0000005
tt1524930,gd0000003
tt0056592,gd0000013
tt0056592,gd0000006
tt0032138,gd0000005
tt0032138,gd0000010
tt0032138,gd0000009
tt1024648,gd0000016
tt1024648,gd0000006
tt1024648,gd0000002
tt3470600,gd0000019
tt3470600,gd0000003
tt3470600,gd0000010
tt1201607,gd0000005
tt1201607,gd0000006
tt1201607,gd0000009
tt1509767,gd0000001
tt1509767,gd0000005
tt1509767,gd0000004
tt5296406,gd0000001
tt5296406,gd0000006
tt5296406,gd0000015
tt0103596,gd0000001
tt0103596,gd0000003
tt0103596,gd0000010
tt0146882,gd0000003
tt0146882,gd0000006
tt0146882,gd0000018
tt0120177,gd0000001
tt0120177,gd0000012
tt1843866,gd0000001
tt1843866,gd0000005
tt1843866,gd0000008
tt0099487,gd0000006
tt0099487,gd0000009
tt0099487,gd0000004
tt0472043,gd0000001
tt0472043,gd0000005
tt0472043,gd0000006
tt1650062,gd0000015
tt1650062,gd0000008
tt1650062,gd0000002
tt0163978,gd0000005
tt0163978,gd0000006
tt0163978,gd0000004
tt1981115,gd0000001
tt1981115,gd0000005
tt1981115,gd0000008
tt0120669,gd0000005
tt0120669,gd0000003
tt0120669,gd0000006
tt0373051,gd0000001
tt0373051,gd0000005
tt0373051,gd0000010
tt0338526,gd0000001
tt0338526,gd0000005
tt0338526,gd0000009
tt0114558,gd0000001
tt0114558,gd0000013
tt0114558,gd0000006
tt0072890,gd0000016
tt0072890,gd0000013
tt0072890,gd0000006
tt1099212,gd0000006
tt1099212,gd0000009
tt1099212,gd0000004
tt3464902,gd0000003
tt3464902,gd0000006
tt3464902,gd0000004
tt0106471,gd0000006
tt0106471,gd0000015
tt0106471,gd0000004
tt0109040,gd0000003
tt0810819,gd0000016
tt0810819,gd0000006
tt0810819,gd0000017
tt0111495,gd0000006
tt0111495,gd0000015
tt0111495,gd0000004
tt1409024,gd0000001
tt1409024,gd0000005
tt1409024,gd0000003
tt0431308,gd0000006
tt0431308,gd0000004
tt0830515,gd0000001
tt0830515,gd0000005
tt0830515,gd0000002
tt0145660,gd0000001
tt0145660,gd0000005
tt0145660,gd0000003
tt2379713,gd0000001
tt2379713,gd0000005
tt2379713,gd0000002
tt2692250,gd0000005
tt2692250,gd0000003
tt2692250,gd0000010
tt0103923,gd0000001
tt0103923,gd0000005
tt0103923,gd0000008
tt0106220,gd0000003
tt0106220,gd0000009
tt0183790,gd0000001
tt0183790,gd0000005
tt0183790,gd0000004
tt1638355,gd0000001
tt1638355,gd0000005
tt1638355,gd0000003
tt0320661,gd0000001
tt0320661,gd0000005
tt0320661,gd0000006
tt0276919,gd0000013
tt0276919,gd0000006
tt1931533,gd0000003
tt1931533,gd0000013
tt0119558,gd0000006
tt0119558,gd0000004
tt0815236,gd0000003
tt0815236,gd0000004
tt1037705,gd0000001
tt1037705,gd0000005
tt1037705,gd0000006
tt0371746,gd0000001
tt0371746,gd0000005
tt0371746,gd0000008
tt0290002,gd0000003
tt0290002,gd0000004
tt0467406,gd0000003
tt0467406,gd0000006
tt0104431,gd0000005
tt0104431,gd0000003
tt0104431,gd0000010
tt0762107,gd0000003
tt0762107,gd0000004
tt0429493,gd0000001
tt0429493,gd0000005
tt0429493,gd0000003
tt0311429,gd0000001
tt0311429,gd0000005
tt0311429,gd0000009
tt0115798,gd0000003
tt0115798,gd0000006
tt0115798,gd0000002
tt1060277,gd0000001
tt1060277,gd0000012
tt1060277,gd0000008
tt0057115,gd0000005
tt0057115,gd0000006
tt0057115,gd0000017
tt0364569,gd0000015
tt0364569,gd0000002
tt0099052,gd0000003
tt0099052,gd0000009
tt0099052,gd0000012
tt2582782,gd0000013
tt2582782,gd0000006
tt2582782,gd0000002
tt0111301,gd0000001
tt0111301,gd0000005
tt0111301,gd0000003
tt0118928,gd0000001
tt0118928,gd0000005
tt0118928,gd0000002
tt0450278,gd0000012
tt0450278,gd0000015
tt0450278,gd0000002
tt1242447,gd0000003
tt1242447,gd0000010
tt0116922,gd0000015
tt0116922,gd0000002
tt0119822,gd0000003
tt0119822,gd0000006
tt0119822,gd0000004
tt1345836,gd0000001
tt1345836,gd0000002
tt0101507,gd0000013
tt0101507,gd0000006
tt1731141,gd0000001
tt1731141,gd0000009
tt1731141,gd0000008
tt0105698,gd0000001
tt0105698,gd0000008
tt1951266,gd0000001
tt1951266,gd0000005
tt1951266,gd0000008
tt0817538,gd0000003
tt0817538,gd0000006
tt0273923,gd0000003
tt0273923,gd0000006
tt0101414,gd0000019
tt0101414,gd0000010
tt0101414,gd0000009
tt0059578,gd0000007
tt1587310,gd0000001
tt1587310,gd0000005
tt1587310,gd0000010
tt1706620,gd0000001
tt1706620,gd0000009
tt1706620,gd0000008
tt0111201,gd0000003
tt0111201,gd0000006
tt0111201,gd0000004
tt0318649,gd0000001
tt0318649,gd0000005
tt0318649,gd0000003
tt0109506,gd0000001
tt0109506,gd0000006
tt0109506,gd0000009
tt0102494,gd0000006
tt0110538,gd0000003
tt0110538,gd0000006
tt0328538,gd0000006
tt0330373,gd0000005
tt0330373,gd0000010
tt0330373,gd0000009
tt0101301,gd0000003
tt0101301,gd0000010
tt0101301,gd0000004
tt0384806,gd0000006
tt0384806,gd0000012
tt0384806,gd0000015
tt1131734,gd0000003
tt1131734,gd0000012
tt0095016,gd0000001
tt0095016,gd0000002
tt0413015,gd0000003
tt0413015,gd0000006
tt0413015,gd0000018
tt0099785,gd0000003
tt0099785,gd0000010
tt0426931,gd0000006
tt0426931,gd0000018
tt0112461,gd0000016
tt0112461,gd0000013
tt0112461,gd0000006
tt1981677,gd0000003
tt1981677,gd0000018
tt1981677,gd0000004
tt0099731,gd0000006
tt0099731,gd0000004
tt0099731,gd0000008
tt0108002,gd0000016
tt0108002,gd0000006
tt0108002,gd0000011
tt1798709,gd0000006
tt1798709,gd0000004
tt1798709,gd0000008
tt0790604,gd0000003
tt0790604,gd0000010
tt0154506,gd0000013
tt0154506,gd0000015
tt0154506,gd0000002
tt2293640,gd0000019
tt2293640,gd0000001
tt2293640,gd0000005
tt0099938,gd0000003
tt1104001,gd0000001
tt1104001,gd0000005
tt1104001,gd0000008
tt1791528,gd0000003
tt1791528,gd0000013
tt1791528,gd0000006
tt1185834,gd0000019
tt1185834,gd0000001
tt1185834,gd0000005
tt0427327,gd0000003
tt0427327,gd0000006
tt0427327,gd0000010
tt4046784,gd0000001
tt4046784,gd0000008
tt4046784,gd0000002
tt0884328,gd0000012
tt0884328,gd0000008
tt0884328,gd0000002
tt1133985,gd0000001
tt1133985,gd0000005
tt1133985,gd0000008
tt1638002,gd0000003
tt1638002,gd0000004
tt0102945,gd0000006
tt0102945,gd0000002
tt0414387,gd0000006
tt0414387,gd0000004
tt0181689,gd0000001
tt0181689,gd0000005
tt0181689,gd0000013
tt0117008,gd0000003
tt0117008,gd0000010
tt0117008,gd0000009
tt0808151,gd0000015
tt0808151,gd0000002
tt1243957,gd0000001
tt1243957,gd0000005
tt1243957,gd0000013
tt1028532,gd0000006
tt1028532,gd0000010
tt0120434,gd0000003
tt0053291,gd0000003
tt0053291,gd0000004
tt0172493,gd0000016
tt0172493,gd0000006
tt0227538,gd0000001
tt0227538,gd0000005
tt0227538,gd0000003
tt1483013,gd0000001
tt1483013,gd0000005
tt1483013,gd0000015
tt0100944,gd0000005
tt0100944,gd0000003
tt0100944,gd0000010
tt0974015,gd0000001
tt0974015,gd0000005
tt0974015,gd0000009
tt0455967,gd0000003
tt0455967,gd0000004
tt0117737,gd0000006
tt0117737,gd0000015
tt0117737,gd0000004
tt0443272,gd0000016
tt0443272,gd0000006
tt0443272,gd0000017
tt0167404,gd0000006
tt0167404,gd0000015
tt0167404,gd0000002
tt1078912,gd0000005
tt1078912,gd0000003
tt1078912,gd0000010
tt0413300,gd0000001
tt0413300,gd0000005
tt0413300,gd0000008
tt0101516,gd0000016
tt0101516,gd0000013
tt0101516,gd0000006
tt6048596,gd0000006
tt6048596,gd0000015
tt6048596,gd0000002
tt3850590,gd0000003
tt3850590,gd0000009
tt3850590,gd0000012
tt0166175,gd0000003
tt0166175,gd0000006
tt0112641,gd0000013
tt0112641,gd0000006
tt1542344,gd0000005
tt1542344,gd0000016
tt1542344,gd0000006
tt0050976,gd0000006
tt0050976,gd0000009
tt4682786,gd0000006
tt4682786,gd0000004
tt0265086,gd0000006
tt0265086,gd0000017
tt0265086,gd0000014
tt1340800,gd0000006
tt1340800,gd0000015
tt1340800,gd0000002
tt0112642,gd0000003
tt0112642,gd0000010
tt0112642,gd0000009
tt0101761,gd0000016
tt0101761,gd0000006
tt0101761,gd0000018
tt1155076,gd0000001
tt1155076,gd0000006
tt1155076,gd0000010
tt1245492,gd0000003
tt1245492,gd0000009
tt0101921,gd0000006
tt3183660,gd0000005
tt3183660,gd0000010
tt3183660,gd0000009
tt0116209,gd0000006
tt0116209,gd0000004
tt0116209,gd0000014
tt0111477,gd0000005
tt0111477,gd0000003
tt0111477,gd0000013
tt2179136,gd0000001
tt2179136,gd0000016
tt2179136,gd0000006
tt0396752,gd0000003
tt0396752,gd0000010
tt0396752,gd0000009
tt1386703,gd0000001
tt1386703,gd0000005
tt1386703,gd0000015
tt0407304,gd0000005
tt0407304,gd0000008
tt0407304,gd0000002
tt1402488,gd0000019
tt1402488,gd0000003
tt1402488,gd0000010
tt0113568,gd0000019
tt0113568,gd0000001
tt0113568,gd0000013
tt0073195,gd0000005
tt0073195,gd0000006
tt0073195,gd0000002
tt1403981,gd0000006
tt1403981,gd0000004
tt0181852,gd0000001
tt0181852,gd0000008
tt0181852,gd0000002
tt1637725,gd0000003
tt1637725,gd0000009
tt0948470,gd0000001
tt0948470,gd0000005
tt0948470,gd0000008
tt1318514,gd0000001
tt1318514,gd0000006
tt1318514,gd0000008
tt0119432,gd0000003
tt0119432,gd0000010
tt5519340,gd0000001
tt5519340,gd0000013
tt5519340,gd0000009
tt0327056,gd0000013
tt0327056,gd0000006
tt0327056,gd0000015
tt0267913,gd0000005
tt0267913,gd0000003
tt0267913,gd0000010
tt0325980,gd0000001
tt0325980,gd0000005
tt0325980,gd0000009
tt0032553,gd0000003
tt0032553,gd0000006
tt0032553,gd0000014
tt0114508,gd0000001
tt0114508,gd0000012
tt0114508,gd0000008
tt0112508,gd0000003
tt0099422,gd0000001
tt0099422,gd0000003
tt0099422,gd0000013
tt0100029,gd0000001
tt0100029,gd0000013
tt0100029,gd0000006
tt1564585,gd0000001
tt1564585,gd0000008
tt1564585,gd0000002
tt0119978,gd0000013
tt0119978,gd0000006
tt0119978,gd0000002
tt0281358,gd0000006
tt0281358,gd0000004
tt0125664,gd0000016
tt0125664,gd0000003
tt0125664,gd0000006
tt0449088,gd0000001
tt0449088,gd0000005
tt0449088,gd0000009
tt0099253,gd0000012
tt0099253,gd0000002
tt0274558,gd0000006
tt0274558,gd0000004
tt0401445,gd0000003
tt0401445,gd0000006
tt0401445,gd0000004
tt0118747,gd0000001
tt0118747,gd0000003
tt0118747,gd0000013
tt0415306,gd0000001
tt0415306,gd0000003
tt0415306,gd0000011
tt0042876,gd0000013
tt0042876,gd0000006
tt0042876,gd0000015
tt0887883,gd0000003
tt0887883,gd0000013
tt0887883,gd0000006
tt0372784,gd0000001
tt0372784,gd0000005
tt0372784,gd0000002
tt0103873,gd0000003
tt0103873,gd0000012
tt0898367,gd0000005
tt0898367,gd0000006
tt3501632,gd0000001
tt3501632,gd0000005
tt3501632,gd0000003
tt1355683,gd0000016
tt1355683,gd0000013
tt1355683,gd0000006
tt0490215,gd0000005
tt0490215,gd0000006
tt0490215,gd0000017
tt0892782,gd0000019
tt0892782,gd0000001
tt0892782,gd0000005
tt0449010,gd0000001
tt0449010,gd0000005
tt0449010,gd0000010
tt0112760,gd0000001
tt0112760,gd0000005
tt0112760,gd0000003
tt1045658,gd0000003
tt1045658,gd0000006
tt1045658,gd0000004
tt0816711,gd0000001
tt0816711,gd0000005
tt0816711,gd0000012
tt0107818,gd0000006
tt2674426,gd0000006
tt2674426,gd0000004
tt0814314,gd0000006
tt0814314,gd0000004
tt0110632,gd0000013
tt0110632,gd0000006
tt1855199,gd0000001
tt1855199,gd0000013
tt1855199,gd0000006
tt0878804,gd0000016
tt0878804,gd0000006
tt0878804,gd0000011
tt0027977,gd0000003
tt0027977,gd0000006
tt0027977,gd0000010
tt0101775,gd0000003
tt0101775,gd0000006
tt0101775,gd0000009
tt0051201,gd0000013
tt0051201,gd0000006
tt0051201,gd0000015
tt0289765,gd0000013
tt0289765,gd0000006
tt0289765,gd0000002
tt0816692,gd0000005
tt0816692,gd0000006
tt0816692,gd0000008
tt0198781,gd0000019
tt0198781,gd0000005
tt0198781,gd0000003
tt2106476,gd0000006
tt0172156,gd0000001
tt0172156,gd0000003
tt0172156,gd0000013
tt0209144,gd0000015
tt0209144,gd0000002
tt0120601,gd0000003
tt0120601,gd0000006
tt0120601,gd0000009
tt0773262,gd0000013
tt0773262,gd0000006
tt0773262,gd0000015
tt0480249,gd0000006
tt0480249,gd0000012
tt0480249,gd0000008
tt0112579,gd0000006
tt0112579,gd0000004
tt0105793,gd0000003
tt0105793,gd0000018
tt0289043,gd0000006
tt0289043,gd0000012
tt0289043,gd0000008
tt0335345,gd0000006
tt0120791,gd0000003
tt0120791,gd0000006
tt0120791,gd0000009
tt0457430,gd0000006
tt0457430,gd0000009
tt0457430,gd0000014
tt0116654,gd0000012
tt0116654,gd0000008
tt0116654,gd0000002
tt0240772,gd0000013
tt0240772,gd0000002
tt1038686,gd0000001
tt1038686,gd0000009
tt1038686,gd0000012
tt0377818,gd0000001
tt0377818,gd0000005
tt0377818,gd0000003
tt1464540,gd0000001
tt1464540,gd0000005
tt1464540,gd0000008
tt1049413,gd0000019
tt1049413,gd0000005
tt1049413,gd0000003
tt0457939,gd0000003
tt0457939,gd0000004
tt0082971,gd0000001
tt0082971,gd0000005
tt0118929,gd0000015
tt0118929,gd0000008
tt0118929,gd0000002
tt1951265,gd0000001
tt1951265,gd0000005
tt1951265,gd0000008
tt0119282,gd0000019
tt0119282,gd0000005
tt0119282,gd0000003
tt0101764,gd0000001
tt0101764,gd0000013
tt0109813,gd0000003
tt0109813,gd0000010
tt0109813,gd0000009
tt0017925,gd0000001
tt0017925,gd0000005
tt0017925,gd0000003
tt0960144,gd0000001
tt0960144,gd0000003
tt1156398,gd0000005
tt1156398,gd0000003
tt1156398,gd0000012
tt0102802,gd0000019
tt0102802,gd0000005
tt0102802,gd0000003
tt0319262,gd0000001
tt0319262,gd0000005
tt0319262,gd0000008
tt0424136,gd0000013
tt0424136,gd0000006
tt0424136,gd0000002
tt0116250,gd0000016
tt0116250,gd0000006
tt0116250,gd0000017
tt0110475,gd0000003
tt0110475,gd0000009
tt0335119,gd0000016
tt0335119,gd0000006
tt0335119,gd0000004
tt0118694,gd0000006
tt0118694,gd0000004
tt0108052,gd0000016
tt0108052,gd0000006
tt0108052,gd0000017
tt0942385,gd0000001
tt0942385,gd0000003
tt0117509,gd0000006
tt0117509,gd0000004
tt1457767,gd0000012
tt1457767,gd0000015
tt1457767,gd0000002
tt0332452,gd0000006
tt0332452,gd0000017
tt0332452,gd0000004
tt0241303,gd0000006
tt0241303,gd0000004
tt1454029,gd0000006
tt4016934,gd0000013
tt4016934,gd0000006
tt4016934,gd0000015
tt0163651,gd0000003
tt0464154,gd0000003
tt0464154,gd0000012
tt0464154,gd0000002
tt0106918,gd0000006
tt0106918,gd0000015
tt0106918,gd0000002
tt0822832,gd0000003
tt0822832,gd0000006
tt0822832,gd0000010
tt4474344,gd0000001
tt4474344,gd0000013
tt4474344,gd0000006
tt0120804,gd0000001
tt0120804,gd0000012
tt0120804,gd0000008
tt0272338,gd0000003
tt0272338,gd0000006
tt0272338,gd0000004
tt0258000,gd0000013
tt0258000,gd0000006
tt0258000,gd0000002
tt0034583,gd0000006
tt0034583,gd0000004
tt0034583,gd0000014
tt0338013,gd0000006
tt0338013,gd0000004
tt0338013,gd0000008
tt0061512,gd0000013
tt0061512,gd0000006
tt0145487,gd0000001
tt0145487,gd0000005
tt0145487,gd0000008
tt0375679,gd0000013
tt0375679,gd0000006
tt0375679,gd0000002
tt0163025,gd0000001
tt0163025,gd0000005
tt0163025,gd0000008
tt0287717,gd0000001
tt0287717,gd0000005
tt0287717,gd0000003
tt0113247,gd0000013
tt0113247,gd0000006
tt0434409,gd0000001
tt0434409,gd0000006
tt0434409,gd0000008
tt0093779,gd0000005
tt0093779,gd0000010
tt0093779,gd0000009
tt0945513,gd0000015
tt0945513,gd0000004
tt0945513,gd0000008
tt0182789,gd0000003
tt0182789,gd0000006
tt0182789,gd0000008
tt0098966,gd0000003
tt0098966,gd0000006
tt0098966,gd0000010
tt4731136,gd0000006
tt4731136,gd0000009
tt4731136,gd0000012
tt0450314,gd0000001
tt0450314,gd0000005
tt0450314,gd0000013
tt0064116,gd0000007
tt0110443,gd0000005
tt0110443,gd0000003
tt0110443,gd0000010
tt0317919,gd0000001
tt0317919,gd0000005
tt0317919,gd0000002
tt0257044,gd0000013
tt0257044,gd0000006
tt0257044,gd0000002
tt0201265,gd0000003
tt0493464,gd0000001
tt0493464,gd0000013
tt0493464,gd0000009
tt0840361,gd0000013
tt0840361,gd0000006
tt0840361,gd0000002
tt0053125,gd0000001
tt0053125,gd0000005
tt0053125,gd0000015
tt0381849,gd0000005
tt0381849,gd0000013
tt0381849,gd0000006
tt0114148,gd0000019
tt0114148,gd0000005
tt0114148,gd0000006
tt4649466,gd0000001
tt4649466,gd0000005
tt4649466,gd0000003
tt0120667,gd0000001
tt0120667,gd0000005
tt0120667,gd0000010
tt0118583,gd0000001
tt0118583,gd0000012
tt0118583,gd0000008
tt2278388,gd0000005
tt2278388,gd0000003
tt2278388,gd0000006
tt0101587,gd0000003
tt0119528,gd0000003
tt0119528,gd0000009
tt0373889,gd0000005
tt0373889,gd0000010
tt0373889,gd0000009
tt0104779,gd0000006
tt0104779,gd0000004
tt0104779,gd0000002
tt0159365,gd0000005
tt0159365,gd0000006
tt0159365,gd0000017
tt0103919,gd0000012
tt0103919,gd0000002
tt0435761,gd0000019
tt0435761,gd0000005
tt0435761,gd0000003
tt0251075,gd0000003
tt0251075,gd0000008
tt0477347,gd0000005
tt0477347,gd0000003
tt0477347,gd0000010
tt0462322,gd0000001
tt0462322,gd0000012
tt0462322,gd0000002
tt1197624,gd0000013
tt1197624,gd0000006
tt1197624,gd0000002
tt0115639,gd0000003
tt0115639,gd0000006
tt0115639,gd0000004
tt1772341,gd0000019
tt1772341,gd0000005
tt1772341,gd0000003
tt0104040,gd0000006
tt0104040,gd0000004
tt0104040,gd0000011
tt0118615,gd0000001
tt0118615,gd0000005
tt0118615,gd0000012
tt0467200,gd0000016
tt0467200,gd0000006
tt0467200,gd0000017
tt0071315,gd0000006
tt0071315,gd0000015
tt0071315,gd0000002
tt0110367,gd0000006
tt0110367,gd0000010
tt0110367,gd0000004
tt0118571,gd0000001
tt0118571,gd0000006
tt0118571,gd0000002
tt0113492,gd0000001
tt0113492,gd0000013
tt0113492,gd0000008
tt1568346,gd0000013
tt1568346,gd0000006
tt1568346,gd0000015
tt0104036,gd0000013
tt0104036,gd0000006
tt0104036,gd0000004
tt1478338,gd0000003
tt1478338,gd0000004
tt0317705,gd0000019
tt0317705,gd0000001
tt0317705,gd0000005
tt0290673,gd0000013
tt0290673,gd0000006
tt0290673,gd0000015
tt0106179,gd0000006
tt0106179,gd0000015
tt0106179,gd0000008
tt0343660,gd0000003
tt0343660,gd0000004
tt5052448,gd0000012
tt5052448,gd0000015
tt5052448,gd0000002
tt0127536,gd0000016
tt0127536,gd0000006
tt0127536,gd0000017
tt1378167,gd0000013
tt1378167,gd0000006
tt1378167,gd0000015
tt0117731,gd0000001
tt0117731,gd0000005
tt0117731,gd0000006
tt0443543,gd0000006
tt0443543,gd0000015
tt0443543,gd0000004
tt0116313,gd0000003
tt0111282,gd0000001
tt0111282,gd0000005
tt0111282,gd0000008
tt0099797,gd0000013
tt0099797,gd0000006
tt0099797,gd0000004
tt1411250,gd0000001
tt1411250,gd0000008
tt1411250,gd0000002
tt1212450,gd0000013
tt1212450,gd0000006
tt0970179,gd0000005
tt0970179,gd0000006
tt0970179,gd0000010
tt0367594,gd0000005
tt0367594,gd0000003
tt0367594,gd0000010
tt1212428,gd0000005
tt1212428,gd0000016
tt1212428,gd0000006
tt0123755,gd0000006
tt0123755,gd0000015
tt0123755,gd0000008
tt0448134,gd0000005
tt0448134,gd0000008
tt0448134,gd0000002
tt0015864,gd0000005
tt0015864,gd0000003
tt0015864,gd0000006
tt0118755,gd0000005
tt0118755,gd0000003
tt0118755,gd0000010
tt0364725,gd0000003
tt0364725,gd0000011
tt0374900,gd0000003
tt1263750,gd0000006
tt1263750,gd0000004
tt0111438,gd0000001
tt0111438,gd0000013
tt0111438,gd0000008
tt0369339,gd0000013
tt0369339,gd0000006
tt0369339,gd0000002
tt0107808,gd0000013
tt0107808,gd0000006
tt0107808,gd0000002
tt0050083,gd0000013
tt0050083,gd0000006
tt1190080,gd0000001
tt1190080,gd0000005
tt1190080,gd0000008
tt0195685,gd0000016
tt0195685,gd0000006
tt0091251,gd0000006
tt0091251,gd0000014
tt3235888,gd0000012
tt3235888,gd0000015
tt3783958,gd0000003
tt3783958,gd0000006
tt3783958,gd0000018
tt3498820,gd0000001
tt3498820,gd0000005
tt3498820,gd0000008
tt0104797,gd0000016
tt0104797,gd0000006
tt0104797,gd0000017
tt0177789,gd0000005
tt0177789,gd0000003
tt0177789,gd0000008
tt0120755,gd0000001
tt0120755,gd0000005
tt0120755,gd0000002
tt0116483,gd0000003
tt0116483,gd0000011
tt1077258,gd0000001
tt1077258,gd0000003
tt1077258,gd0000012
tt0106226,gd0000006
tt0106226,gd0000004
tt3774694,gd0000006
tt3774694,gd0000004
tt0473075,gd0000001
tt0473075,gd0000005
tt0473075,gd0000009
tt0121766,gd0000001
tt0121766,gd0000005
tt0121766,gd0000009
tt0109830,gd0000006
tt0109830,gd0000004
tt2404435,gd0000001
tt2404435,gd0000005
tt2404435,gd0000007
tt1478964,gd0000001
tt1478964,gd0000003
tt1478964,gd0000008
tt3682448,gd0000006
tt3682448,gd0000017
tt3682448,gd0000002
tt0430912,gd0000006
tt0430912,gd0000015
tt0430912,gd0000002
tt0155267,gd0000013
tt0155267,gd0000004
tt0155267,gd0000002
tt0448694,gd0000019
tt0448694,gd0000001
tt0448694,gd0000005
tt0315327,gd0000003
tt0315327,gd0000006
tt0315327,gd0000009
tt1856101,gd0000006
tt1856101,gd0000015
tt1856101,gd0000008
tt0119698,gd0000019
tt0119698,gd0000005
tt0119698,gd0000009
tt3322364,gd0000016
tt3322364,gd0000006
tt3322364,gd0000011
tt0430105,gd0000001
tt0430105,gd0000013
tt0430105,gd0000006
tt0118607,gd0000006
tt0118607,gd0000017
tt0195714,gd0000012
tt0195714,gd0000002
tt0838283,gd0000003
tt1564367,gd0000003
tt1564367,gd0000004
tt1396484,gd0000006
tt1396484,gd0000012
tt1396484,gd0000002
tt0075148,gd0000006
tt0075148,gd0000011
tt1242460,gd0000006
tt1242460,gd0000015
tt1242460,gd0000002
tt0110955,gd0000003
tt0110955,gd0000013
tt0110955,gd0000006
tt2872732,gd0000001
tt2872732,gd0000008
tt2872732,gd0000002
tt0111503,gd0000001
tt0111503,gd0000003
tt0111503,gd0000002
tt0389790,gd0000019
tt0389790,gd0000005
tt0389790,gd0000003
tt5362988,gd0000013
tt5362988,gd0000006
tt5362988,gd0000015
tt0055031,gd0000006
tt0055031,gd0000014
tt0452598,gd0000005
tt0452598,gd0000003
tt0452598,gd0000010
tt0278504,gd0000006
tt0278504,gd0000015
tt0278504,gd0000002
tt0290334,gd0000001
tt0290334,gd0000005
tt0290334,gd0000009
tt0268126,gd0000003
tt0268126,gd0000006
tt0327597,gd0000019
tt0327597,gd0000010
tt0327597,gd0000009
tt0190138,gd0000003
tt0190138,gd0000013
tt0111161,gd0000013
tt0111161,gd0000006
tt1758830,gd0000003
tt1758830,gd0000004
tt0095327,gd0000019
tt0095327,gd0000006
tt0095327,gd0000014
tt1325004,gd0000005
tt1325004,gd0000006
tt1325004,gd0000009
tt4975722,gd0000006
tt0099739,gd0000001
tt0099739,gd0000013
tt0099739,gd0000006
tt0401729,gd0000001
tt0401729,gd0000005
tt0401729,gd0000008
tt0072684,gd0000005
tt0072684,gd0000006
tt0072684,gd0000017
tt0978762,gd0000019
tt0978762,gd0000003
tt0978762,gd0000006
tt1230414,gd0000003
tt1230414,gd0000006
tt1230414,gd0000004
tt0104868,gd0000003
tt0104868,gd0000006
tt0104868,gd0000010
tt0373469,gd0000003
tt0373469,gd0000013
tt0373469,gd0000015
tt0100140,gd0000003
tt0100140,gd0000006
tt0100140,gd0000004
tt0209163,gd0000001
tt0209163,gd0000005
tt0209163,gd0000009
tt1389072,gd0000003
tt1389072,gd0000006
tt1389072,gd0000008
tt0109520,gd0000003
tt0109520,gd0000006
tt0109520,gd0000010
tt0116365,gd0000003
tt0116365,gd0000009
tt0116365,gd0000012
tt0468569,gd0000001
tt0468569,gd0000013
tt0468569,gd0000006
tt0167261,gd0000005
tt0167261,gd0000006
tt0167261,gd0000009
tt0070510,gd0000003
tt0070510,gd0000013
tt0070510,gd0000006
tt0099700,gd0000003
tt0099700,gd0000009
tt0099700,gd0000012
tt1211956,gd0000001
tt1211956,gd0000013
tt1211956,gd0000015
tt2719848,gd0000001
tt2719848,gd0000005
tt2719848,gd0000006
tt0374887,gd0000003
tt0374887,gd0000006
tt0374887,gd0000004
tt0120660,gd0000001
tt0120660,gd0000013
tt0120660,gd0000015
tt1869347,gd0000013
tt1869347,gd0000006
tt1869347,gd0000015
tt1538403,gd0000001
tt1538403,gd0000009
tt1538403,gd0000012
tt0492956,gd0000003
tt0492956,gd0000010
tt0492956,gd0000011
tt0329575,gd0000006
tt0329575,gd0000017
tt0329575,gd0000011
tt1475582,gd0000013
tt1475582,gd0000006
tt1475582,gd0000015
tt0169547,gd0000006
tt0100935,gd0000003
tt0100935,gd0000013
tt0100935,gd0000006
tt2980516,gd0000016
tt2980516,gd0000006
tt2980516,gd0000004
tt0120912,gd0000001
tt0120912,gd0000005
tt0120912,gd0000003
tt0081505,gd0000006
tt0081505,gd0000012
tt0110598,gd0000003
tt0110598,gd0000006
tt0110598,gd0000004
tt1690953,gd0000019
tt1690953,gd0000005
tt1690953,gd0000003
tt0113118,gd0000003
tt0113118,gd0000006
tt0212720,gd0000005
tt0212720,gd0000006
tt0212720,gd0000008
tt0274812,gd0000003
tt0274812,gd0000006
tt0274812,gd0000004
tt1041829,gd0000003
tt1041829,gd0000006
tt1041829,gd0000004
tt0100485,gd0000001
tt0100485,gd0000013
tt0100485,gd0000006
tt0302640,gd0000003
tt0302640,gd0000009
tt0120746,gd0000001
tt0120746,gd0000005
tt0120746,gd0000003
tt0097576,gd0000001
tt0097576,gd0000005
tt0097576,gd0000009
tt0265666,gd0000003
tt0265666,gd0000006
tt0114369,gd0000013
tt0114369,gd0000006
tt0114369,gd0000015
tt0110527,gd0000010
tt0110527,gd0000009
tt1411697,gd0000003
tt1411697,gd0000015
tt3397884,gd0000001
tt3397884,gd0000013
tt3397884,gd0000006
tt0110005,gd0000016
tt0110005,gd0000013
tt0110005,gd0000006
tt0455275,gd0000001
tt0455275,gd0000013
tt0455275,gd0000006
tt0393109,gd0000001
tt0393109,gd0000013
tt0393109,gd0000006
tt0351977,gd0000001
tt0351977,gd0000013
tt0116778,gd0000003
tt0116778,gd0000011
tt2582846,gd0000006
tt2582846,gd0000004
tt0796366,gd0000001
tt0796366,gd0000005
tt0796366,gd0000008
tt1499658,gd0000003
tt1499658,gd0000013
tt0452623,gd0000013
tt0452623,gd0000006
tt0452623,gd0000015
tt3749900,gd0000001
tt3749900,gd0000013
tt3749900,gd0000006
tt1270798,gd0000001
tt1270798,gd0000005
tt1270798,gd0000008
tt0301470,gd0000012
tt2632424,gd0000006
tt2632424,gd0000009
tt2632424,gd0000012
tt0105690,gd0000001
tt0105690,gd0000002
tt2741602,gd0000013
tt2741602,gd0000006
tt2741602,gd0000015
tt0032976,gd0000006
tt0032976,gd0000015
tt0032976,gd0000004
tt3688406,gd0000009
tt3688406,gd0000012
tt3688406,gd0000015
tt0120616,gd0000001
tt0120616,gd0000005
tt0120616,gd0000009
tt2283362,gd0000001
tt2283362,gd0000005
tt2283362,gd0000003
tt3385516,gd0000001
tt3385516,gd0000005
tt3385516,gd0000008
tt0099371,gd0000001
tt0099371,gd0000006
tt0099371,gd0000011
tt0117372,gd0000003
tt0117372,gd0000006
tt0117372,gd0000009
tt0118884,gd0000006
tt0118884,gd0000015
tt0118884,gd0000008
tt0121164,gd0000019
tt0121164,gd0000006
tt0121164,gd0000010
tt0190865,gd0000001
tt0190865,gd0000005
tt0190865,gd0000006
tt0100502,gd0000001
tt0100502,gd0000013
tt0100502,gd0000008
tt1937390,gd0000006
tt0102598,gd0000003
tt0102598,gd0000004
tt1046173,gd0000001
tt1046173,gd0000005
tt1046173,gd0000008
tt0251127,gd0000003
tt0251127,gd0000004
tt0396269,gd0000003
tt0396269,gd0000004
tt0146316,gd0000001
tt0146316,gd0000005
tt0146316,gd0000009
tt1935859,gd0000005
tt1935859,gd0000006
tt1935859,gd0000010
tt0180093,gd0000006
tt0114709,gd0000019
tt0114709,gd0000005
tt0114709,gd0000003
tt0119177,gd0000006
tt0119177,gd0000008
tt0119177,gd0000002
tt0113243,gd0000003
tt0113243,gd0000013
tt0113243,gd0000006
tt0103874,gd0000012
tt0139134,gd0000006
tt0139134,gd0000004
tt1148204,gd0000012
tt1148204,gd0000015
tt1148204,gd0000002
tt0317740,gd0000001
tt0317740,gd0000013
tt0317740,gd0000002
tt0128445,gd0000003
tt0128445,gd0000006
tt0120094,gd0000016
tt0120094,gd0000006
tt0120094,gd0000018
tt0104573,gd0000001
tt0104573,gd0000013
tt0104573,gd0000006
tt0118689,gd0000005
tt0118689,gd0000003
tt0118689,gd0000010
tt0107614,gd0000003
tt0107614,gd0000006
tt0107614,gd0000010
tt0325710,gd0000001
tt0325710,gd0000006
tt0325710,gd0000017
tt1877832,gd0000001
tt1877832,gd0000005
tt1877832,gd0000008
tt0436992,gd0000005
tt0436992,gd0000006
tt0436992,gd0000010
tt3416742,gd0000003
tt3416742,gd0000012
tt1605783,gd0000003
tt1605783,gd0000009
tt1605783,gd0000004
tt0112697,gd0000003
tt0112697,gd0000004
tt0107969,gd0000001
tt0107969,gd0000013
tt0107969,gd0000006
tt0286106,gd0000006
tt0286106,gd0000015
tt0286106,gd0000008
tt3569230,gd0000016
tt3569230,gd0000013
tt3569230,gd0000006
tt2109248,gd0000001
tt2109248,gd0000005
tt2109248,gd0000008
tt4925292,gd0000003
tt4925292,gd0000006
tt0978764,gd0000001
tt0978764,gd0000009
tt0947798,gd0000006
tt0947798,gd0000002
tt0399295,gd0000013
tt0399295,gd0000006
tt0399295,gd0000002
tt0212338,gd0000003
tt0212338,gd0000004
tt2267998,gd0000013
tt2267998,gd0000006
tt2267998,gd0000015
tt0249462,gd0000006
tt0249462,gd0000018
tt0249462,gd0000004
tt0102558,gd0000003
tt0852713,gd0000003
tt0852713,gd0000004
tt2404233,gd0000001
tt2404233,gd0000005
tt2404233,gd0000009
tt0151804,gd0000003
tt0319343,gd0000003
tt0319343,gd0000010
tt0319343,gd0000009
tt0110763,gd0000019
tt0110763,gd0000005
tt0110763,gd0000003
tt0120890,gd0000013
tt0120890,gd0000006
tt0120890,gd0000015
tt0363163,gd0000016
tt0363163,gd0000006
tt0363163,gd0000017
tt0091763,gd0000006
tt0091763,gd0000014
tt0089881,gd0000001
tt0089881,gd0000006
tt3640424,gd0000001
tt3640424,gd0000006
tt3640424,gd0000004
tt0829482,gd0000003
tt0408306,gd0000006
tt0408306,gd0000017
tt0408306,gd0000002
tt0382932,gd0000019
tt0382932,gd0000003
tt0382932,gd0000010
tt0103074,gd0000005
tt0103074,gd0000013
tt0103074,gd0000006
tt0362227,gd0000003
tt0362227,gd0000006
tt0362227,gd0000004
tt0079470,gd0000003
tt1261945,gd0000003
tt1261945,gd0000006
tt1261945,gd0000004
tt0903624,gd0000005
tt0903624,gd0000010
tt0903624,gd0000009
tt5776858,gd0000013
tt5776858,gd0000006
tt5776858,gd0000004
tt0167260,gd0000005
tt0167260,gd0000006
tt0167260,gd0000009
tt2088003,gd0000001
tt2088003,gd0000005
tt0230030,gd0000003
tt0230030,gd0000009
tt0383574,gd0000001
tt0383574,gd0000005
tt0383574,gd0000009
tt0112950,gd0000003
tt0112950,gd0000006
tt0112950,gd0000018
tt0113189,gd0000001
tt0113189,gd0000005
tt0113189,gd0000002
tt0116329,gd0000005
tt0116329,gd0000006
tt0116329,gd0000010
tt0245574,gd0000005
tt0245574,gd0000003
tt0245574,gd0000006
tt0081398,gd0000016
tt0081398,gd0000006
tt0081398,gd0000011
tt0120657,gd0000001
tt0120657,gd0000005
tt0120657,gd0000017
tt0116695,gd0000003
tt0116695,gd0000006
tt0116695,gd0000004
tt2848292,gd0000003
tt2848292,gd0000018
tt0060827,gd0000006
tt0060827,gd0000002
tt1954470,gd0000001
tt1954470,gd0000013
tt1954470,gd0000006
tt0814255,gd0000005
tt0814255,gd0000010
tt0814255,gd0000009
tt1232829,gd0000001
tt1232829,gd0000003
tt1232829,gd0000013
tt0075686,gd0000003
tt0075686,gd0000004
tt0099329,gd0000003
tt0099329,gd0000020
tt0033870,gd0000021
tt0033870,gd0000015
tt2661044,gd0000006
tt2661044,gd0000015
tt2661044,gd0000008
tt0112384,gd0000005
tt0112384,gd0000006
tt0112384,gd0000017
tt0102926,gd0000013
tt0102926,gd0000006
tt0102926,gd0000002
tt1679335,gd0000019
tt1679335,gd0000005
tt1679335,gd0000003
tt1723121,gd0000003
tt1723121,gd0000013
tt0105417,gd0000003
tt0105417,gd0000013
tt0105417,gd0000010
tt0379786,gd0000001
tt0379786,gd0000005
tt0379786,gd0000008
tt0117802,gd0000003
tt0117802,gd0000006
tt0101410,gd0000003
tt0101410,gd0000006
tt0101410,gd0000002
tt0294870,gd0000006
tt0294870,gd0000020
tt0294870,gd0000004
tt0114924,gd0000003
tt0114924,gd0000006
tt0114924,gd0000004
tt0910970,gd0000019
tt0910970,gd0000005
tt0910970,gd0000010
tt0317248,gd0000013
tt0317248,gd0000006
tt0256380,gd0000003
tt0256380,gd0000006
tt0256380,gd0000009
tt1467304,gd0000012
tt0962736,gd0000016
tt0962736,gd0000006
tt0962736,gd0000017
tt0110357,gd0000019
tt0110357,gd0000005
tt0110357,gd0000006
tt0245712,gd0000006
tt0245712,gd0000002
tt0338751,gd0000016
tt0338751,gd0000006
tt0338751,gd0000017
tt0431197,gd0000001
tt0431197,gd0000006
tt0431197,gd0000002
tt0108071,gd0000006
tt0108071,gd0000010
tt0108071,gd0000009
tt3315342,gd0000001
tt3315342,gd0000006
tt3315342,gd0000008
tt2406566,gd0000001
tt2406566,gd0000015
tt2406566,gd0000002
tt1334260,gd0000006
tt1334260,gd0000004
tt1334260,gd0000008
tt0122690,gd0000001
tt0122690,gd0000005
tt0122690,gd0000013
tt0068646,gd0000013
tt0068646,gd0000006
tt0100157,gd0000013
tt0100157,gd0000006
tt0100157,gd0000002
tt0120679,gd0000016
tt0120679,gd0000006
tt0120679,gd0000004
tt0164912,gd0000005
tt0164912,gd0000003
tt0164912,gd0000010
tt0453451,gd0000003
tt0453451,gd0000010
tt1259571,gd0000005
tt1259571,gd0000006
tt1259571,gd0000009
tt0052618,gd0000005
tt0052618,gd0000006
tt0052618,gd0000017
tt0120762,gd0000019
tt0120762,gd0000005
tt0120762,gd0000010
tt1343092,gd0000006
tt1343092,gd0000004
tt0376541,gd0000006
tt0376541,gd0000004
tt0141109,gd0000003
tt0141109,gd0000006
tt0141109,gd0000010
tt0433035,gd0000001
tt0433035,gd0000006
tt0433035,gd0000010
tt0083658,gd0000008
tt0083658,gd0000002
tt0120338,gd0000006
tt0120338,gd0000004
tt0454876,gd0000005
tt0454876,gd0000006
tt0454876,gd0000009
tt0075314,gd0000013
tt0075314,gd0000006
tt0449059,gd0000003
tt0449059,gd0000006
tt0102388,gd0000006
tt0102388,gd0000004
tt0368447,gd0000006
tt0368447,gd0000015
tt0368447,gd0000002
tt0454841,gd0000012
tt1250777,gd0000001
tt1250777,gd0000003
tt0099423,gd0000001
tt0099423,gd0000002
tt2402927,gd0000006
tt2402927,gd0000004
tt0119567,gd0000001
tt0119567,gd0000005
tt0119567,gd0000008
tt1000774,gd0000003
tt1000774,gd0000006
tt1000774,gd0000004
tt1961175,gd0000001
tt1961175,gd0000002
tt2193021,gd0000001
tt2193021,gd0000005
tt2193021,gd0000013
tt0252028,gd0000003
tt0252028,gd0000004
tt1915581,gd0000003
tt1915581,gd0000006
tt0405094,gd0000006
tt0405094,gd0000002
tt0240890,gd0000003
tt0240890,gd0000004
tt0117500,gd0000001
tt0117500,gd0000005
tt0117500,gd0000002
tt0036868,gd0000006
tt0036868,gd0000004
tt0036868,gd0000014
tt0160862,gd0000003
tt0160862,gd0000004
tt0112573,gd0000016
tt0112573,gd0000006
tt0112573,gd0000017
tt0462590,gd0000013
tt0462590,gd0000006
tt0462590,gd0000018
tt0102070,gd0000001
tt0102070,gd0000005
tt0102070,gd0000003
tt1411238,gd0000003
tt1411238,gd0000004
tt1895587,gd0000013
tt1895587,gd0000006
tt1895587,gd0000017
tt0040522,gd0000006
tt0119675,gd0000012
tt0119675,gd0000008
tt0259711,gd0000009
tt0259711,gd0000015
tt0259711,gd0000004
tt0418279,gd0000001
tt0418279,gd0000005
tt0418279,gd0000008
tt2039338,gd0000006
tt2039338,gd0000008
tt2039338,gd0000002
tt3647998,gd0000006
tt3647998,gd0000015
tt3647998,gd0000002
tt0104714,gd0000001
tt0104714,gd0000013
tt0104714,gd0000002
tt0102138,gd0000006
tt0102138,gd0000017
tt0102138,gd0000002
tt0783233,gd0000006
tt0783233,gd0000015
tt0783233,gd0000004
tt5027774,gd0000013
tt5027774,gd0000006
tt0119116,gd0000001
tt0119116,gd0000005
tt0119116,gd0000008
tt2103281,gd0000001
tt2103281,gd0000005
tt2103281,gd0000006
tt0103939,gd0000016
tt0103939,gd0000003
tt0103939,gd0000006
tt0120738,gd0000001
tt0120738,gd0000005
tt0120738,gd0000010
tt2380307,gd0000019
tt2380307,gd0000005
tt2380307,gd0000003
tt1403865,gd0000005
tt1403865,gd0000006
tt1403865,gd0000007
tt0171804,gd0000016
tt0171804,gd0000013
tt0171804,gd0000006
tt0271263,gd0000019
tt0271263,gd0000003
tt0271263,gd0000020
tt0047396,gd0000015
tt0047396,gd0000002
tt1014759,gd0000005
tt1014759,gd0000010
tt1014759,gd0000009
tt0159097,gd0000006
tt0159097,gd0000004
tt1817273,gd0000013
tt1817273,gd0000006
tt1817273,gd0000002
tt0099365,gd0000001
tt0099365,gd0000013
tt0099365,gd0000009
tt0265208,gd0000003
tt0265208,gd0000006
tt0265208,gd0000004
tt0366548,gd0000019
tt0366548,gd0000003
tt0366548,gd0000010
tt0108037,gd0000003
tt0108037,gd0000006
tt0108037,gd0000010
tt0117381,gd0000013
tt0117381,gd0000006
tt0117381,gd0000015
tt0372588,gd0000001
tt0372588,gd0000003
tt0103060,gd0000001
tt0103060,gd0000005
tt0103060,gd0000003
tt1022603,gd0000003
tt1022603,gd0000006
tt1022603,gd0000004
tt0278500,gd0000003
tt0278500,gd0000006
tt0278500,gd0000004
tt0102803,gd0000001
tt0102803,gd0000005
tt0102803,gd0000003
tt0936501,gd0000001
tt0936501,gd0000013
tt0936501,gd0000002
tt0080684,gd0000001
tt0080684,gd0000005
tt0080684,gd0000009
tt1430607,gd0000019
tt1430607,gd0000005
tt1430607,gd0000003
tt0215129,gd0000005
tt0215129,gd0000003
tt0019254,gd0000016
tt0019254,gd0000006
tt0019254,gd0000017
tt1371111,gd0000001
tt1371111,gd0000006
tt1371111,gd0000015
tt2184339,gd0000012
tt2184339,gd0000008
tt2184339,gd0000002
tt0106469,gd0000013
tt0106469,gd0000006
tt0499549,gd0000001
tt0499549,gd0000005
tt0499549,gd0000009
tt4501244,gd0000003
tt0287978,gd0000001
tt0287978,gd0000013
tt0287978,gd0000008
tt1397514,gd0000001
tt1397514,gd0000005
tt1397514,gd0000003
tt1663202,gd0000005
tt1663202,gd0000006
tt1663202,gd0000017
tt0115964,gd0000006
tt0110997,gd0000001
tt0110997,gd0000005
tt0110997,gd0000013
tt0993846,gd0000016
tt0993846,gd0000003
tt0993846,gd0000013
tt0106489,gd0000013
tt0106489,gd0000006
tt0976051,gd0000006
tt0976051,gd0000004
tt1375666,gd0000001
tt1375666,gd0000005
tt1375666,gd0000008
tt0304141,gd0000005
tt0304141,gd0000010
tt0304141,gd0000009
tt0103639,gd0000019
tt0103639,gd0000005
tt0103639,gd0000003
tt0803096,gd0000001
tt0803096,gd0000005
tt0803096,gd0000009
tt0114436,gd0000006
tt0355295,gd0000005
tt0355295,gd0000003
tt0355295,gd0000009
tt0129387,gd0000003
tt0129387,gd0000004
tt0109686,gd0000003
tt1707386,gd0000006
tt1707386,gd0000017
tt1707386,gd0000020
tt0421715,gd0000006
tt0421715,gd0000009
tt0421715,gd0000004
tt0401792,gd0000013
tt0401792,gd0000002
tt1182345,gd0000006
tt1182345,gd0000015
tt1182345,gd0000008
tt0358273,gd0000016
tt0358273,gd0000006
tt0358273,gd0000018
tt1632708,gd0000003
tt1632708,gd0000004
tt0252866,gd0000003
tt0105323,gd0000006
tt4765284,gd0000003
tt4765284,gd0000018
tt1650554,gd0000001
tt1650554,gd0000003
tt1650554,gd0000013
tt0107050,gd0000003
tt0107050,gd0000006
tt0107050,gd0000004
tt0112281,gd0000005
tt0112281,gd0000003
tt0112281,gd0000013
tt0124315,gd0000006
tt0124315,gd0000004
tt0103644,gd0000001
tt0103644,gd0000012
tt0103644,gd0000008
tt0101605,gd0000003
tt0101605,gd0000006
tt0101605,gd0000018
tt1280558,gd0000013
tt1280558,gd0000006
tt1280558,gd0000015
tt0361748,gd0000005
tt0361748,gd0000006
tt0361748,gd0000014
tt0208092,gd0000003
tt0208092,gd0000013
tt1001508,gd0000003
tt1001508,gd0000006
tt1001508,gd0000004
tt0285531,gd0000006
tt0285531,gd0000012
tt0285531,gd0000008
tt0119738,gd0000003
tt0119738,gd0000006
tt0119738,gd0000004
tt1502712,gd0000001
tt1502712,gd0000005
tt1502712,gd0000008
tt0295297,gd0000005
tt0295297,gd0000010
tt0295297,gd0000009
tt0107943,gd0000006
tt0107943,gd0000004
tt1323594,gd0000019
tt1323594,gd0000005
tt1323594,gd0000003
tt0120891,gd0000001
tt0120891,gd0000003
tt0120891,gd0000008
tt0120655,gd0000005
tt0120655,gd0000003
tt0120655,gd0000006
tt0914798,gd0000006
tt0914798,gd0000014
tt0276751,gd0000003
tt0276751,gd0000006
tt0276751,gd0000004
tt4047038,gd0000003
tt4047038,gd0000015
tt4047038,gd0000008
tt0289879,gd0000008
tt0289879,gd0000002
tt1723811,gd0000006
tt5013056,gd0000001
tt5013056,gd0000006
tt5013056,gd0000017
tt0104014,gd0000003
tt0104014,gd0000006
tt0114142,gd0000006
tt0114142,gd0000002
