payment_id,payment_info
pd0000001,1234-5678-9012-3456
pd0000002,9876-5432-1098-7654
pd0000003,5555-4444-3333-2222
pd0000004,8888-7777-6666-5555
pd0000005,1111-2222-3333-4444
pd0000006,9999-8888-7777-6666
pd0000007,4444-3333-2222-1111
pd0000008,7777-8888-9999-0000
pd0000009,2222-3333-4444-5555
pd0000010,1234-5678-9012-3456
pd0000011,9876-5432-1098-7654
pd0000012,5555-4444-3333-2222
pd0000013,8888-7777-6666-5555
pd0000014,1111-2222-3333-4444
pd0000015,9999-8888-7777-6666
pd0000016,4444-3333-2222-1111
pd0000017,7777-8888-9999-0000
pd0000018,2222-3333-4444-5555
pd0000019,1234-5678-9012-3456
pd0000020,9876-5432-1098-7654
pd0000021,5555-4444-3333-2222
pd0000022,8888-7777-6666-5555
pd0000023,1111-2222-3333-4444
pd0000024,9999-8888-7777-6666
pd0000025,4444-3333-2222-1111
pd0000026,7777-8888-9999-0000
pd0000027,2222-3333-4444-5555
pd0000028,1234-5678-9012-3456
pd0000029,9876-5432-1098-7654
pd0000030,5555-4444-3333-2222
pd0000031,8888-7777-6666-5555
pd0000032,1111-2222-3333-4444
pd0000033,9999-8888-7777-6666
pd0000034,4444-3333-2222-1111
pd0000035,7777-8888-9999-0000
pd0000036,2222-3333-4444-5555
pd0000037,1234-5678-9012-3456
pd0000038,9876-5432-1098-7654
pd0000039,5555-4444-3333-2222
pd0000040,8888-7777-6666-5555
pd0000041,1111-2222-3333-4444
pd0000042,9999-8888-7777-6666
pd0000043,4444-3333-2222-1111
pd0000044,7777-8888-9999-0000
pd0000045,2222-3333-4444-5555
pd0000046,1234-5678-9012-3456
pd0000047,9876-5432-1098-7654
pd0000048,5555-4444-3333-2222
pd0000049,8888-7777-6666-5555
pd0000050,1111-2222-3333-4444
pd0000051,9999-8888-7777-6666
pd0000052,4444-3333-2222-1111
pd0000053,7777-8888-9999-0000
pd0000054,2222-3333-4444-5555
pd0000055,1234-5678-9012-3456
pd0000056,9876-5432-1098-7654
pd0000057,5555-4444-3333-2222
pd0000058,8888-7777-6666-5555
pd0000059,1111-2222-3333-4444
pd0000060,9999-8888-7777-6666
pd0000061,4444-3333-2222-1111
pd0000062,7777-8888-9999-0000
pd0000063,2222-3333-4444-5555
pd0000064,1234-5678-9012-3456
pd0000065,9876-5432-1098-7654
pd0000066,5555-4444-3333-2222
pd0000067,8888-7777-6666-5555
pd0000068,1111-2222-3333-4444
pd0000069,9999-8888-7777-6666
pd0000070,4444-3333-2222-1111
pd0000071,7777-8888-9999-0000
pd0000072,2222-3333-4444-5555
pd0000073,1234-5678-9012-3456
pd0000074,9876-5432-1098-7654
pd0000075,5555-4444-3333-2222
pd0000076,8888-7777-6666-5555
pd0000077,1111-2222-3333-4444
pd0000078,9999-8888-7777-6666
pd0000079,4444-3333-2222-1111
pd0000080,7777-8888-9999-0000
pd0000081,2222-3333-4444-5555
pd0000082,1234-5678-9012-3456
pd0000083,9876-5432-1098-7654
pd0000084,5555-4444-3333-2222
pd0000085,8888-7777-6666-5555
pd0000086,1111-2222-3333-4444
pd0000087,9999-8888-7777-6666
pd0000088,4444-3333-2222-1111
pd0000089,7777-8888-9999-0000
pd0000090,2222-3333-4444-5555
pd0000091,1234-5678-9012-3456
pd0000092,9876-5432-1098-7654
pd0000093,5555-4444-3333-2222
pd0000094,8888-7777-6666-5555
pd0000095,1111-2222-3333-4444
pd0000096,9999-8888-7777-6666
pd0000097,4444-3333-2222-1111
pd0000098,7777-8888-9999-0000
pd0000099,2222-3333-4444-5555
pd0000100,1234-5678-9012-3456
pd0000101,9876-5432-1098-7654
pd0000102,5555-4444-3333-2222
pd0000103,8888-7777-6666-5555
pd0000104,1111-2222-3333-4444
pd0000105,9999-8888-7777-6666
pd0000106,4444-3333-2222-1111
pd0000107,7777-8888-9999-0000
pd0000108,2222-3333-4444-5555
pd0000109,1234-5678-9012-3456
pd0000110,9876-5432-1098-7654
pd0000111,5555-4444-3333-2222
pd0000112,8888-7777-6666-5555
pd0000113,1111-2222-3333-4444
pd0000114,9999-8888-7777-6666
pd0000115,4444-3333-2222-1111
pd0000116,7777-8888-9999-0000
pd0000117,2222-3333-4444-5555
pd0000118,1234-5678-9012-3456
pd0000119,9876-5432-1098-7654
pd0000120,5555-4444-3333-2222
pd0000121,8888-7777-6666-5555
pd0000122,1111-2222-3333-4444
pd0000123,9999-8888-7777-6666
pd0000124,4444-3333-2222-1111
pd0000125,7777-8888-9999-0000
pd0000126,2222-3333-4444-5555
pd0000127,1234-5678-9012-3456
pd0000128,9876-5432-1098-7654
pd0000129,5555-4444-3333-2222
pd0000130,8888-7777-6666-5555
pd0000131,1111-2222-3333-4444
pd0000132,9999-8888-7777-6666
pd0000133,4444-3333-2222-1111
pd0000134,7777-8888-9999-0000
pd0000135,2222-3333-4444-5555
pd0000136,1234-5678-9012-3456
pd0000137,9876-5432-1098-7654
pd0000138,5555-4444-3333-2222
pd0000139,8888-7777-6666-5555
pd0000140,1111-2222-3333-4444
pd0000141,9999-8888-7777-6666
pd0000142,4444-3333-2222-1111
pd0000143,7777-8888-9999-0000
pd0000144,2222-3333-4444-5555
pd0000145,1234-5678-9012-3456
pd0000146,9876-5432-1098-7654
pd0000147,5555-4444-3333-2222
pd0000148,8888-7777-6666-5555
pd0000149,1111-2222-3333-4444
pd0000150,9999-8888-7777-6666
pd0000151,4444-3333-2222-1111
pd0000152,7777-8888-9999-0000
pd0000153,2222-3333-4444-5555
pd0000154,1234-5678-9012-3456
pd0000155,9876-5432-1098-7654
pd0000156,5555-4444-3333-2222
pd0000157,8888-7777-6666-5555
pd0000158,1111-2222-3333-4444
pd0000159,9999-8888-7777-6666
pd0000160,4444-3333-2222-1111
pd0000161,7777-8888-9999-0000
pd0000162,2222-3333-4444-5555
pd0000163,1234-5678-9012-3456
pd0000164,9876-5432-1098-7654
pd0000165,5555-4444-3333-2222
pd0000166,8888-7777-6666-5555
pd0000167,1111-2222-3333-4444
pd0000168,9999-8888-7777-6666
pd0000169,4444-3333-2222-1111
pd0000170,7777-8888-9999-0000
pd0000171,2222-3333-4444-5555
pd0000172,1234-5678-9012-3456
pd0000173,9876-5432-1098-7654
pd0000174,5555-4444-3333-2222
pd0000175,8888-7777-6666-5555
pd0000176,1111-2222-3333-4444
pd0000177,9999-8888-7777-6666
pd0000178,4444-3333-2222-1111
pd0000179,7777-8888-9999-0000
pd0000180,2222-3333-4444-5555
pd0000181,1234-5678-9012-3456
pd0000182,9876-5432-1098-7654
pd0000183,5555-4444-3333-2222
pd0000184,8888-7777-6666-5555
pd0000185,1111-2222-3333-4444
pd0000186,9999-8888-7777-6666
pd0000187,4444-3333-2222-1111
pd0000188,7777-8888-9999-0000
pd0000189,2222-3333-4444-5555
pd0000190,1234-5678-9012-3456
pd0000191,9876-5432-1098-7654
pd0000192,5555-4444-3333-2222
pd0000193,8888-7777-6666-5555
pd0000194,1111-2222-3333-4444
pd0000195,9999-8888-7777-6666
pd0000196,4444-3333-2222-1111
pd0000197,7777-8888-9999-0000
pd0000198,2222-3333-4444-5555
pd0000199,1234-5678-9012-3456
pd0000200,1234-5678-9012-3456
pd0000201,0909-0909-0909-0909